{
	"format_version": "1.21.6",
	"credit": "Made by Racingsky",
	"parent": "minecraft:block/orientable_vertical",
	"textures": {
		"front": "block/dispenser_front_vertical",
		"side": "block/furnace_top"
	},
	"elements": [
		{
			"from": [0, 0, 0],
			"to": [16, 16, 16],
			"faces": {
				"north": {"uv": [0, 0, 16, 16], "texture": "#side"},
				"east": {"uv": [0, 0, 16, 16], "texture": "#side"},
				"south": {"uv": [0, 0, 16, 16], "texture": "#side"},
				"west": {"uv": [0, 0, 16, 16], "texture": "#side"},
				"up": {"uv": [0, 0, 16, 16], "texture": "#side"},
				"down": {"uv": [0, 0, 16, 16], "texture": "#front"}
			}
		}
	],
	"gui_light": "front",
	"display": {
		"gui": {
			"rotation": [-30, -135, 0],
			"scale": [0.625, 0.625, 0.625]
		}
	}
}