{
	"model": {
	"type": "minecraft:range_dispatch",
	"property": "minecraft:custom_model_data",
	"index": 0,
	"fallback": {
		"type": "minecraft:model",
		"model": "minecraft:item/acacia_button"},


	"entries": [
	{"threshold": 0, "model": {"type": "minecraft:select", "property": "minecraft:component", "component": "minecraft:custom_name",
	"cases": [
		{"when": {"text":"","extra":[{"text":"Copper Nugget","obfuscated":false,"italic":false,"underlined":false,"strikethrough":false,"color":"#DBCEA9","bold":false}]}, "model": {"type": "minecraft:model", "model": "slimefun/23_slime_tinker/materials/copper_nugget"}},
		{"when": {"text":"","extra":[{"text":"Bronze Nugget","obfuscated":false,"italic":false,"underlined":false,"strikethrough":false,"color":"#DBCEA9","bold":false}]}, "model": {"type": "minecraft:model", "model": "slimefun/23_slime_tinker/materials/bronze_nugget"}},
		{"when": {"text":"","extra":[{"text":"Redstone Alloy Nugget","obfuscated":false,"italic":false,"underlined":false,"strikethrough":false,"color":"#DBCEA9","bold":false}]}, "model": {"type": "minecraft:model", "model": "slimefun/23_slime_tinker/materials/redstone_alloy_nugget"}},
		{"when": {"text":"","extra":[{"text":"Boomerite Nugget","obfuscated":false,"italic":false,"underlined":false,"strikethrough":false,"color":"#DBCEA9","bold":false}]}, "model": {"type": "minecraft:model", "model": "slimefun/23_slime_tinker/materials/boomerite_nugget"}},
		{"when": {"text":"","extra":[{"text":"MagSteel Nugget","obfuscated":false,"italic":false,"underlined":false,"strikethrough":false,"color":"#DBCEA9","bold":false}]}, "model": {"type": "minecraft:model", "model": "slimefun/23_slime_tinker/materials/magsteel_nugget"}},
		{"when": {"text":"","extra":[{"text":"Adamantite Nugget","obfuscated":false,"italic":false,"underlined":false,"strikethrough":false,"color":"#DBCEA9","bold":false}]}, "model": {"type": "minecraft:model", "model": "slimefun/23_slime_tinker/materials/adamantite_nugget"}}		
	],


	"fallback": {"type": "minecraft:model","model": "minecraft:item/acacia_button"}}}
    ]
  },
  "oversized_in_gui": true
}