{
	"model": {
	"type": "minecraft:range_dispatch",
	"property": "minecraft:custom_model_data",
	"index": 0,
	"fallback": {
		"type": "minecraft:model",
		"model": "minecraft:item/andesite"},


	"entries": [
	{"threshold": 0, "model": {"type": "minecraft:select", "property": "minecraft:component", "component": "minecraft:custom_name",
	"cases": [
		{"when": {"text":"","extra":[{"text":"The Moon"}]}, "model": {"type": "minecraft:model", "model": "slimefun/24_galactifun/universe/moon"}},
		{"when": {"text":"","extra":[{"text":"Moon Rock","obfuscated":false,"italic":false,"underlined":false,"strikethrough":false,"color":"gray","bold":false}]}, "model": {"type": "minecraft:model", "model": "slimefun/24_galactifun/blocks/moon_rock"}},
		{"when": {"text":"","extra":[{"text":"Single Compressed Cobblestone","obfuscated":false,"italic":false,"underlined":false,"strikethrough":false,"color":"gray","bold":false}]}, "model": {"type": "minecraft:model", "model": "slimefun/29_infinity_expansion/materials/cobblestone_1"}},
		{"when": {"text":"","extra":[{"text":"Double Compressed Cobblestone","obfuscated":false,"italic":false,"underlined":false,"strikethrough":false,"color":"gray","bold":false}]}, "model": {"type": "minecraft:model", "model": "slimefun/29_infinity_expansion/materials/cobblestone_2"}}
	],


	"fallback": {"type": "minecraft:model","model": "minecraft:item/andesite"}}}
    ]
  },
  "oversized_in_gui": true
}