{
	"model": {
	"type": "minecraft:range_dispatch",
	"property": "minecraft:custom_model_data",
	"index": 0,
	"fallback": {
		"type": "minecraft:model",
		"model": "minecraft:item/anvil"},


	"entries": [
	{"threshold": 0, "model": {"type": "minecraft:select", "property": "minecraft:component", "component": "minecraft:custom_name",
	"cases": [
		{"when": {"text":"","extra":[{"text":"Armor Forge","obfuscated":false,"italic":false,"underlined":false,"strikethrough":false,"color":"gold","bold":false}]}, "model": {"type": "minecraft:model", "model": "slimefun/3_basic_machines/armor_forge"}},
		{"when": {"text":"","extra":[{"text":"Armor Forge","obfuscated":false,"italic":false,"underlined":false,"strikethrough":false,"color":"aqua","bold":false}]}, "model": {"type": "minecraft:model", "model": "slimefun/3_basic_machines/armor_forge"}},
		{"when": {"text":"","extra":[{"text":"Diamond Anvil","obfuscated":false,"italic":false,"underlined":false,"strikethrough":false,"color":"white","bold":false}]}, "model": {"type": "minecraft:model", "model": "slimefun/24_galactifun/machines/diamond_anvil"}}
	],


	"fallback": {"type": "minecraft:model","model": "minecraft:item/anvil"}}}
    ]
  },
  "oversized_in_gui": true
}