{
	"model": {
	"type": "minecraft:range_dispatch",
	"property": "minecraft:custom_model_data",
	"index": 0,
	"fallback": {
		"type": "minecraft:model",
		"model": "minecraft:item/barrier"},


	"entries": [
	{"threshold": 0, "model": {"type": "minecraft:select", "property": "minecraft:component", "component": "minecraft:written_book_content",
	"cases": [
		{"when": [{"title": {"raw": "LOCKED"},"author": ""}], "model": {"type": "minecraft:model", "model": "slimefun/0_ui/ui_locked"}}
	],


	"fallback": {"type": "minecraft:model","model": "minecraft:item/barrier"}}}
    ]
  },
  "oversized_in_gui": true
}