{
	"model": {
	"type": "minecraft:range_dispatch",
	"property": "minecraft:custom_model_data",
	"index": 0,
	"fallback": {
		"type": "minecraft:model",
		"model": "minecraft:item/black_stained_glass_pane"},


	"entries": [
	{"threshold": 0, "model": {"type": "minecraft:select", "property": "minecraft:component", "component": "minecraft:custom_name",
	"cases": [
		{"when": {"text":"","extra":[{"text":" "}]}, "model": {"type": "minecraft:model", "model": "slimefun/0_ui/ui_background_gray"}},
		{"when": {"text":"","extra":[{"text":"Idle","obfuscated":false,"italic":false,"underlined":false,"strikethrough":false,"color":"dark_gray","bold":false}]}, "model": {"type": "minecraft:model", "model": "slimefun/0_ui/ui_background_gray"}},
		{"when": {"text":"","extra":[{"text":"\u21e6 Previous page","obfuscated":false,"italic":false,"underlined":false,"strikethrough":false,"color":"dark_gray","bold":false}]}, "model": {"type": "minecraft:model", "model": "slimefun/0_ui/ui_previous_inactive"}},
		{"when": {"text":"","extra":[{"text":"Next page \u21e8","obfuscated":false,"italic":false,"underlined":false,"strikethrough":false,"color":"dark_gray","bold":false}]}, "model": {"type": "minecraft:model", "model": "slimefun/0_ui/ui_next_inactive"}}
	],


	"fallback": {"type": "minecraft:model","model": "minecraft:item/black_stained_glass_pane"}}}
    ]
  },
  "oversized_in_gui": true
}