{
	"model": {
	"type": "minecraft:range_dispatch",
	"property": "minecraft:custom_model_data",
	"index": 0,
	"fallback": {
		"type": "minecraft:model",
		"model": "minecraft:block/black_stained_glass"},


	"entries": [
	{"threshold": 0, "model": {"type": "minecraft:select", "property": "minecraft:component", "component": "minecraft:custom_name",
	"cases": [
		{"when": {"text":"","extra":[{"text":"Carbon Press","obfuscated":false,"italic":false,"underlined":false,"strikethrough":false,"color":"red","bold":false}]}, "model": {"type": "minecraft:model", "model": "slimefun/28_energy_and_electricity/carbon_press"}},
		{"when": {"text":"","extra":[{"text":"Carbon Press ","obfuscated":false,"italic":false,"underlined":false,"strikethrough":false,"color":"red","bold":false},{"text":"- ","italic":false,"color":"gray"},{"text":"II","italic":false,"color":"yellow"}]}, "model": {"type": "minecraft:model", "model": "slimefun/28_energy_and_electricity/carbon_press_2"}},
		{"when": {"text":"","extra":[{"text":"Carbon Press ","obfuscated":false,"italic":false,"underlined":false,"strikethrough":false,"color":"red","bold":false},{"text":"- ","italic":false,"color":"gray"},{"text":"III","italic":false,"color":"yellow"}]}, "model": {"type": "minecraft:model", "model": "slimefun/28_energy_and_electricity/carbon_press_3"}}
	],


	"fallback": {"type": "minecraft:model","model": "minecraft:block/black_stained_glass"}}}
    ]
  },
  "oversized_in_gui": true
}