{
	"model": {
	"type": "minecraft:range_dispatch",
	"property": "minecraft:custom_model_data",
	"index": 0,
	"fallback": {
		"type": "minecraft:model",
		"model": "minecraft:block/black_terracotta"},


	"entries": [
	{"threshold": 0, "model": {"type": "minecraft:select", "property": "minecraft:component", "component": "minecraft:custom_name",
	"cases": [
		{"when": {"text":"","extra":[{"text":"Venus"}]}, "model": {"type": "minecraft:model", "model": "slimefun/24_galactifun/universe/venus"}},
		{"when": {"text":"","extra":[{"text":"Fluid Pump","obfuscated":false,"italic":false,"underlined":false,"strikethrough":false,"color":"blue","bold":false}]}, "model": {"type": "minecraft:model", "model": "slimefun/28_energy_and_electricity/fluid_pump"}}
	],


	"fallback": {"type": "minecraft:model","model": "minecraft:block/black_terracotta"}}}
    ]
  },
  "oversized_in_gui": true
}