{
	"model": {
	"type": "minecraft:range_dispatch",
	"property": "minecraft:custom_model_data",
	"index": 0,
	"fallback": {
		"type": "minecraft:model",
		"model": "minecraft:block/blast_furnace"},


	"entries": [
	{"threshold": 0, "model": {"type": "minecraft:select", "property": "minecraft:component", "component": "minecraft:custom_name",
	"cases": [
		{"when": {"text":"","extra":[{"text":"Makeshift Smeltery","obfuscated":false,"italic":false,"underlined":false,"strikethrough":false,"color":"yellow","bold":false}]}, "model": {"type": "minecraft:model", "model": "slimefun/3_basic_machines/makeshift_smeltery"}}
	],


	"fallback": {"type": "minecraft:model","model": "minecraft:block/blast_furnace"}}}
    ]
  },
  "oversized_in_gui": true
}