{
	"model": {
	"type": "minecraft:range_dispatch",
	"property": "minecraft:custom_model_data",
	"index": 0,
	"fallback": {
		"type": "minecraft:model",
		"model": "minecraft:item/bookshelf"},


	"entries": [
	{"threshold": 0, "model": {"type": "minecraft:select", "property": "minecraft:component", "component": "minecraft:custom_name",
	"cases": [
		{"when": {"text":"","extra":[{"text":"Addons for Slimefun4","obfuscated":false,"italic":false,"underlined":false,"strikethrough":false,"color":"dark_aqua","bold":false}]}, "model": {"type": "minecraft:model", "model": "slimefun/0_ui/ui_addons"}},
		{"when": {"text":"","extra":[{"text":"Book Binder","obfuscated":false,"italic":false,"underlined":false,"strikethrough":false,"color":"gold","bold":false}]}, "model": {"type": "minecraft:model", "model": "slimefun/28_energy_and_electricity/book_binder"}}
	],


	"fallback": {"type": "minecraft:model","model": "minecraft:item/bookshelf"}}}
    ]
  },
  "oversized_in_gui": true
}