{
	"model": {
    "type": "minecraft:range_dispatch",
    "property": "minecraft:custom_model_data",
	"index": 0,
"fallback": {
      "type": "minecraft:model",
      "model": "minecraft:item/bow"
    },

    "entries": [

		{"threshold": 0,"model": {"type": "minecraft:select","property": "minecraft:component","component": "minecraft:custom_name",
          "cases": [

			{"when": {"text":"","extra":[{"text":"Soulbound Bow","obfuscated":false,"italic":false,"underlined":false,"strikethrough":false,"color":"red","bold":false}]},
            "model": {"type": "minecraft:condition","property": "minecraft:using_item",
			"on_true": {"type": "minecraft:range_dispatch","property": "minecraft:use_duration","scale": 0.05,
            "entries": [
              {"threshold": 0,"model": {"type": "minecraft:model",
                "model": "slimefun/1_weapons/soulbound_bow_pulling_0"}},
              {"threshold": 0.65,"model": {"type": "minecraft:model",
                "model": "slimefun/1_weapons/soulbound_bow_pulling_1"}},
              {"threshold": 0.9,"model": {"type": "minecraft:model",
                "model": "slimefun/1_weapons/soulbound_bow_pulling_2"}}]},
			"on_false": {
            "type": "minecraft:model",
            "model": "slimefun/1_weapons/soulbound_bow_standby"}}},

			{"when": {"text":"","extra":[{"text":"Explosive Bow","obfuscated":false,"italic":false,"underlined":false,"strikethrough":false,"color":"red","bold":false}]},
            "model": {"type": "minecraft:condition","property": "minecraft:using_item",
			"on_true": {"type": "minecraft:range_dispatch","property": "minecraft:use_duration","scale": 0.05,
            "entries": [
              {"threshold": 0,"model": {"type": "minecraft:model",
                "model": "slimefun/1_weapons/explosive_bow_pulling_0"}},
              {"threshold": 0.65,"model": {"type": "minecraft:model",
                "model": "slimefun/1_weapons/explosive_bow_pulling_1"}},
              {"threshold": 0.9,"model": {"type": "minecraft:model",
                "model": "slimefun/1_weapons/explosive_bow_pulling_2"}}]},
			"on_false": {
            "type": "minecraft:model",
            "model": "slimefun/1_weapons/explosive_bow_standby"}}},

			{"when": {"text":"","extra":[{"text":"Icy Bow","obfuscated":false,"italic":false,"underlined":false,"strikethrough":false,"color":"aqua","bold":false}]},
            "model": {"type": "minecraft:condition","property": "minecraft:using_item",
			"on_true": {"type": "minecraft:range_dispatch","property": "minecraft:use_duration","scale": 0.05,
            "entries": [
              {"threshold": 0,"model": {"type": "minecraft:model",
                "model": "slimefun/1_weapons/icy_bow_pulling_0"}},
              {"threshold": 0.65,"model": {"type": "minecraft:model",
                "model": "slimefun/1_weapons/icy_bow_pulling_1"}},
              {"threshold": 0.9,"model": {"type": "minecraft:model",
                "model": "slimefun/1_weapons/icy_bow_pulling_2"}}]},
			"on_false": {
            "type": "minecraft:model",
            "model": "slimefun/1_weapons/icy_bow_standby"}}},

			{"when": {"text":"","extra":[{"text":"Healing Bow","obfuscated":false,"italic":false,"underlined":false,"strikethrough":false,"color":"dark_red","bold":false}]},
            "model": {"type": "minecraft:condition","property": "minecraft:using_item",
			"on_true": {"type": "minecraft:range_dispatch","property": "minecraft:use_duration","scale": 0.05,
            "entries": [
              {"threshold": 0,"model": {"type": "minecraft:model",
                "model": "slimefun/27_foxy_machines/healing_bow_pulling_0"}},
              {"threshold": 0.65,"model": {"type": "minecraft:model",
                "model": "slimefun/27_foxy_machines/healing_bow_pulling_1"}},
              {"threshold": 0.9,"model": {"type": "minecraft:model",
                "model": "slimefun/27_foxy_machines/healing_bow_pulling_2"}}]},
			"on_false": {
            "type": "minecraft:model",
            "model": "slimefun/27_foxy_machines/healing_bow_standby"}}},

			{"when": {"text":"","extra":[{"text":"Acri Arcum","obfuscated":false,"italic":false,"underlined":false,"strikethrough":false,"color":"yellow","bold":false}]},
            "model": {"type": "minecraft:condition","property": "minecraft:using_item",
			"on_true": {"type": "minecraft:range_dispatch","property": "minecraft:use_duration","scale": 0.05,
            "entries": [
              {"threshold": 0,"model": {"type": "minecraft:model",
                "model": "slimefun/27_foxy_machines/acri_arcum_bow_pulling_0"}},
              {"threshold": 0.65,"model": {"type": "minecraft:model",
                "model": "slimefun/27_foxy_machines/acri_arcum_bow_pulling_1"}},
              {"threshold": 0.9,"model": {"type": "minecraft:model",
                "model": "slimefun/27_foxy_machines/acri_arcum_bow_pulling_2"}}]},
			"on_false": {
            "type": "minecraft:model",
            "model": "slimefun/27_foxy_machines/acri_arcum_bow_standby"}}}
				],

			"fallback": {"type": "minecraft:condition","property": "minecraft:using_item",
			"on_true": {"type": "minecraft:range_dispatch","property": "minecraft:use_duration","scale": 0.05,
            "entries": [
              {"threshold": 0,"model": {"type": "minecraft:model",
                "model": "minecraft:item/bow_pulling_0"}},
              {"threshold": 0.65,"model": {"type": "minecraft:model",
                "model": "minecraft:item/bow_pulling_1"}},
              {"threshold": 0.9,"model": {"type": "minecraft:model",
                "model": "minecraft:item/bow_pulling_2"}}]},
			"on_false": {
            "type": "minecraft:model",
            "model": "minecraft:item/bow"
		}}}}
    ]
  },
  "oversized_in_gui": true
}