{
	"model": {
	"type": "minecraft:range_dispatch",
	"property": "minecraft:custom_model_data",
	"index": 0,
	"fallback": {
		"type": "minecraft:model",
		"model": "minecraft:item/brick"},


	"entries": [
	{"threshold": 0, "model": {"type": "minecraft:select", "property": "minecraft:component", "component": "minecraft:custom_name",
	"cases": [
		{"when": {"text":"","extra":[{"text":"Bronze Ingot","obfuscated":false,"italic":false,"underlined":false,"strikethrough":false,"color":"aqua","bold":false}]}, "model": {"type": "minecraft:model", "model": "slimefun/5_resources/bronze_ingot"}},
		{"when": {"text":"","extra":[{"text":"Copper Ingot","obfuscated":false,"italic":false,"underlined":false,"strikethrough":false,"color":"aqua","bold":false}]}, "model": {"type": "minecraft:model", "model": "slimefun/5_resources/copper_ingot"}},
		{"when": {"text":"","extra":[{"text":"Redstone Alloy Ingot","obfuscated":false,"italic":false,"underlined":false,"strikethrough":false,"color":"red","bold":false}]}, "model": {"type": "minecraft:model", "model": "slimefun/5_resources/redstone_alloy"}},
		{"when": {"text":"","extra":[{"text":"MagSteel","obfuscated":false,"italic":false,"underlined":false,"strikethrough":false,"color":"dark_red","bold":false}]}, "model": {"type": "minecraft:model", "model": "slimefun/29_infinity_expansion/materials/magsteel"}},
		{"when": {"text":"","extra":[{"text":"Adamantite","obfuscated":false,"italic":false,"underlined":false,"strikethrough":false,"color":"light_purple","bold":false}]}, "model": {"type": "minecraft:model", "model": "slimefun/29_infinity_expansion/materials/adamantite"}},
		{"when": {"text":"","extra":[{"text":"Caramel","obfuscated":false,"italic":false,"underlined":false,"strikethrough":false,"color":"gold","bold":false}]}, "model": {"type": "minecraft:model", "model": "slimefun/christmas/christmas_caramel"}},
		{"when": {"text":"","extra":[{"text":"Seared Brick","obfuscated":false,"italic":false,"underlined":false,"strikethrough":false,"color":"#DBCEA9","bold":false}]}, "model": {"type": "minecraft:model", "model": "slimefun/23_slime_tinker/materials/seared_brick"}},
		{"when": {"text":"","extra":[{"text":"Boomerite Ingot","obfuscated":false,"italic":false,"underlined":false,"strikethrough":false,"color":"#DBCEA9","bold":false}]}, "model": {"type": "minecraft:model", "model": "slimefun/23_slime_tinker/materials/boomerite_ingot"}},
		{"when": {"text":"","extra":[{"text":"Fondness Ingot","obfuscated":false,"italic":false,"underlined":false,"strikethrough":false,"color":"#DBCEA9","bold":false}]}, "model": {"type": "minecraft:model", "model": "slimefun/23_slime_tinker/materials/fondness_ingot"}},
		{"when": {"text":"","extra":[{"text":"Devotion Ingot","obfuscated":false,"italic":false,"underlined":false,"strikethrough":false,"color":"#DBCEA9","bold":false}]}, "model": {"type": "minecraft:model", "model": "slimefun/23_slime_tinker/materials/devotion_ingot"}},
		{"when": {"text":"","extra":[{"text":"Passion Ingot","obfuscated":false,"italic":false,"underlined":false,"strikethrough":false,"color":"#DBCEA9","bold":false}]}, "model": {"type": "minecraft:model", "model": "slimefun/23_slime_tinker/materials/passion_ingot"}},
		{"when": {"text":"","extra":[{"text":"Love Ingot","obfuscated":false,"italic":false,"underlined":false,"strikethrough":false,"color":"#DBCEA9","bold":false}]}, "model": {"type": "minecraft:model", "model": "slimefun/23_slime_tinker/materials/love_ingot"}},
		{"when": {"text":"","extra":[{"text":"Reinforced Draconium Ingot","obfuscated":false,"italic":false,"underlined":false,"strikethrough":false,"color":"#DBCEA9","bold":false}]}, "model": {"type": "minecraft:model", "model": "slimefun/23_slime_tinker/materials/reinforced_draconium_ingot"}}
	],


	"fallback": {"type": "minecraft:model","model": "minecraft:item/brick"}}}
    ]
  },
  "oversized_in_gui": true
}