{
	"model": {
	"type": "minecraft:range_dispatch",
	"property": "minecraft:custom_model_data",
	"index": 0,
	"fallback": {
		"type": "minecraft:model",
		"model": "minecraft:item/chainmail_chestplate"},


	"entries": [
	{"threshold": 0, "model": {"type": "minecraft:select", "property": "minecraft:component", "component": "minecraft:custom_name",
	"cases": [
		{"when": {"text":"","extra":[{"text":"Empty Data Card","obfuscated":false,"italic":false,"underlined":false,"strikethrough":false,"color":"dark_gray","bold":false}]}, "model": {"type": "minecraft:model", "model": "slimefun/29_infinity_expansion/mob_simulation/data_card_empty"}},
		{"when": {"text":"","extra":[{"text":"Resistant Chestplate Frame","obfuscated":false,"italic":false,"underlined":false,"strikethrough":false,"color":"white","bold":false}]}, "model": {"type": "minecraft:model", "model": "slimefun/27_foxy_machines/resistant_chestplate_frame"}}
	],


	"fallback": {"type": "minecraft:select","property": "minecraft:trim_material",
          "cases": [
            {"when": "minecraft:quartz","model": {"type": "minecraft:model","model": "minecraft:item/chainmail_chestplate_quartz_trim"}},
            {"when": "minecraft:iron","model": {"type": "minecraft:model","model": "minecraft:item/chainmail_chestplate_iron_trim"}},
            {"when": "minecraft:netherite","model": {"type": "minecraft:model","model": "minecraft:item/chainmail_chestplate_netherite_trim"}},
            {"when": "minecraft:redstone","model": {"type": "minecraft:model","model": "minecraft:item/chainmail_chestplate_redstone_trim"}},
            {"when": "minecraft:copper","model": {"type": "minecraft:model","model": "minecraft:item/chainmail_chestplate_copper_trim"}},
            {"when": "minecraft:gold","model": {"type": "minecraft:model","model": "minecraft:item/chainmail_chestplate_gold_trim"}},
            {"when": "minecraft:emerald","model": {"type": "minecraft:model","model": "minecraft:item/chainmail_chestplate_emerald_trim"}},
            {"when": "minecraft:diamond","model": {"type": "minecraft:model","model": "minecraft:item/chainmail_chestplate_diamond_trim"}},
            {"when": "minecraft:lapis","model": {"type": "minecraft:model","model": "minecraft:item/chainmail_chestplate_lapis_trim"}},
            {"when": "minecraft:amethyst","model": {"type": "minecraft:model","model": "minecraft:item/chainmail_chestplate_amethyst_trim"}},
            {"when": "minecraft:resin","model": {"type": "minecraft:model","model": "minecraft:item/chainmail_chestplate_resin_trim"}}
			],
	"fallback": {"type": "minecraft:model","model": "minecraft:item/chainmail_chestplate"}}}}
    ]
  },
  "oversized_in_gui": true
}