{
	"model": {
	"type": "minecraft:range_dispatch",
	"property": "minecraft:custom_model_data",
	"index": 0,
	"fallback": {
		"type": "minecraft:model",
		"model": "minecraft:item/chest"},


	"entries": [
	{"threshold": 0, "model": {"type": "minecraft:select", "property": "minecraft:component", "component": "minecraft:custom_name",
	"cases": [
		{"when": {"text":"","extra":[{"text":"Output Chest","obfuscated":false,"italic":false,"underlined":false,"strikethrough":false,"color":"dark_red","bold":false}]}, "model": {"type": "minecraft:model", "model": "slimefun/3_basic_machines/output_chest"}}
	],


	    "fallback": {
      "type": "minecraft:special",
      "model": {
        "type": "minecraft:chest",
        "texture": "minecraft:normal"
      },
      "base": "minecraft:item/chest"
    }}}
    ]
  },
  "oversized_in_gui": true
}