{
	"model": {
	"type": "minecraft:range_dispatch",
	"property": "minecraft:custom_model_data",
	"index": 0,
	"fallback": {
		"type": "minecraft:model",
		"model": "minecraft:item/cookie"},


	"entries": [
	{"threshold": 0, "model": {"type": "minecraft:select", "property": "minecraft:component", "component": "minecraft:custom_name",
	"cases": [
		
		{"when": {"text":"","extra":[{"text":"Food","obfuscated":false,"italic":false,"underlined":false,"strikethrough":false,"color":"yellow","bold":false}]}, "model": {"type": "minecraft:model", "model": "slimefun/7_food/fortune_cookie"}},		
		{"when": {"text":"","extra":[{"text":"Fortune Cookie","obfuscated":false,"italic":false,"underlined":false,"strikethrough":false,"color":"gold","bold":false}]}, "model": {"type": "minecraft:model", "model": "slimefun/7_food/fortune_cookie"}},
		{"when": {"text":"","extra":[{"text":"Diet Cookie","obfuscated":false,"italic":false,"underlined":false,"strikethrough":false,"color":"gold","bold":false}]}, "model": {"type": "minecraft:model", "model": "slimefun/7_food/diet_cookie"}},
		{"when": {"text":"","extra":[{"text":"Kelp Cookie","obfuscated":false,"italic":false,"underlined":false,"strikethrough":false,"color":"dark_green","bold":false}]}, "model": {"type": "minecraft:model", "model": "slimefun/7_food/kelp_cookie"}},
		{"when": {"text":"","extra":[{"text":"C","obfuscated":false,"italic":false,"underlined":false,"strikethrough":false,"color":"green","bold":false},{"text":"h","italic":false,"color":"red"},{"text":"r","italic":false,"color":"green"},{"text":"i","italic":false,"color":"red"},{"text":"s","italic":false,"color":"green"},{"text":"t","italic":false,"color":"red"},{"text":"m","italic":false,"color":"green"},{"text":"a","italic":false,"color":"red"},{"text":"s","italic":false,"color":"green"},{"text":" ","italic":false,"color":"red"},{"text":"C","italic":false,"color":"green"},{"text":"o","italic":false,"color":"red"},{"text":"o","italic":false,"color":"green"},{"text":"k","italic":false,"color":"red"},{"text":"i","italic":false,"color":"green"},{"text":"e","italic":false,"color":"red"}]}, "model": {"type": "minecraft:model", "model": "slimefun/christmas/christmas_cookie"}}
	],


	"fallback": {"type": "minecraft:model","model": "minecraft:item/cookie"}}}
    ]
  },
  "oversized_in_gui": true
}