{
	"model": {
	"type": "minecraft:range_dispatch",
	"property": "minecraft:custom_model_data",
	"index": 0,
	"fallback": {
		"type": "minecraft:model",
		"model": "minecraft:item/diamond_shovel"},


	"entries": [
	{"threshold": 0, "model": {"type": "minecraft:select", "property": "minecraft:component", "component": "minecraft:custom_name",
	"cases": [
		{"when": {"text":"","extra":[{"text":"Explosive Shovel","obfuscated":false,"italic":false,"underlined":false,"strikethrough":false,"color":"yellow","bold":false}]}, "model": {"type": "minecraft:model", "model": "slimefun/4_tools/explosive_shovel"}},
		{"when": {"text":"","extra":[{"text":"Soulbound Shovel","obfuscated":false,"italic":false,"underlined":false,"strikethrough":false,"color":"red","bold":false}]}, "model": {"type": "minecraft:model", "model": "slimefun/4_tools/soulbound_shovel"}}
	],


	"fallback": {"type": "minecraft:model","model": "minecraft:item/diamond_shovel"}}}
    ]
  },
  "oversized_in_gui": true
}