{
	"model": {
	"type": "minecraft:range_dispatch",
	"property": "minecraft:custom_model_data",
	"index": 0,
	"fallback": {
		"type": "minecraft:model",
		"model": "minecraft:item/diamond_hoe"},


	"entries": [
	{"threshold": 0, "model": {"type": "minecraft:select", "property": "minecraft:component", "component": "minecraft:custom_name",
	"cases": [
		{"when": {"text":"","extra":[{"text":"Soulbound Hoe","obfuscated":false,"italic":false,"underlined":false,"strikethrough":false,"color":"red","bold":false}]}, "model": {"type": "minecraft:model", "model": "slimefun/4_tools/soulbound_hoe"}},
		{"when": {"text":"","extra":[{"text":"Diamond Tree Tap","obfuscated":false,"italic":false,"underlined":false,"strikethrough":false,"color":"aqua","bold":false}]}, "model": {"type": "minecraft:model", "model": "slimefun/21_slimy_treetaps/diamond_tree_tap"}}
	],


	"fallback": {"type": "minecraft:model","model": "minecraft:item/diamond_hoe"}}}
    ]
  },
  "oversized_in_gui": true
}