{
	"model": {
	"type": "minecraft:range_dispatch",
	"property": "minecraft:custom_model_data",
	"index": 0,
	"fallback": {
		"type": "minecraft:model",
		"model": "minecraft:item/diamond_pickaxe"},


	"entries": [
	{"threshold": 0, "model": {"type": "minecraft:select", "property": "minecraft:component", "component": "minecraft:custom_name",
	"cases": [
		{"when": {"text":"","extra":[{"text":"Tools","obfuscated":false,"italic":false,"underlined":false,"strikethrough":false,"color":"yellow","bold":false}]}, "model": {"type": "minecraft:model", "model": "slimefun/4_tools/smelters_pickaxe"}},
		{"when": {"text":"","extra":[{"text":"Advanced Industrial Miner","obfuscated":false,"italic":false,"underlined":false,"strikethrough":false,"color":"red","bold":false}]}, "model": {"type": "minecraft:model", "model": "slimefun/3_basic_machines/advanced_industrial_miner"}},
		{"when": {"text":"","extra":[{"text":"Smelter's Pickaxe","obfuscated":false,"italic":false,"underlined":false,"strikethrough":false,"color":"gold","bold":false}]}, "model": {"type": "minecraft:model", "model": "slimefun/4_tools/smelters_pickaxe"}},
		{"when": {"text":"","extra":[{"text":"Explosive Pickaxe","obfuscated":false,"italic":false,"underlined":false,"strikethrough":false,"color":"yellow","bold":false}]}, "model": {"type": "minecraft:model", "model": "slimefun/4_tools/explosive_pickaxe"}},
		{"when": {"text":"","extra":[{"text":"Pickaxe of the Seeker","obfuscated":false,"italic":false,"underlined":false,"strikethrough":false,"color":"green","bold":false}]}, "model": {"type": "minecraft:model", "model": "slimefun/4_tools/pickaxe_of_the_seeker"}},
		{"when": {"text":"","extra":[{"text":"Pickaxe of Vein Mining","obfuscated":false,"italic":false,"underlined":false,"strikethrough":false,"color":"yellow","bold":false}]}, "model": {"type": "minecraft:model", "model": "slimefun/4_tools/pickaxe_of_vein_mining"}},
		{"when": {"text":"","extra":[{"text":"Soulbound Pickaxe","obfuscated":false,"italic":false,"underlined":false,"strikethrough":false,"color":"red","bold":false}]}, "model": {"type": "minecraft:model", "model": "slimefun/4_tools/soulbound_pickaxe"}}
	],


	"fallback": {"type": "minecraft:model","model": "minecraft:item/diamond_pickaxe"}}}
    ]
  },
  "oversized_in_gui": true
}