{
	"model": {
	"type": "minecraft:range_dispatch",
	"property": "minecraft:custom_model_data",
	"index": 0,
	"fallback": {
      "type": "minecraft:special",
      "model": {
        "type": "minecraft:head",
        "kind": "dragon"
      },
      "base": "minecraft:item/dragon_head"
    },


	"entries": [
	{"threshold": 0, "model": {"type": "minecraft:select", "property": "minecraft:component", "component": "minecraft:custom_name",
	"cases": [
		{"when": {"text":"","extra":[{"text":"Ender Dragon Pet","obfuscated":false,"italic":false,"underlined":false,"strikethrough":false,"color":"dark_purple","bold":false}]}, "model": {"type": "minecraft:model", "model": "slimefun/17_hotbar_pets/hotbar_pet_ender_dragon"}}
	],


	"fallback": {
      "type": "minecraft:special",
      "model": {
        "type": "minecraft:head",
        "kind": "dragon"
      },
      "base": "minecraft:item/dragon_head"
    }}}
    ]
  },
  "oversized_in_gui": true
}