{
  "model": {
    "type": "minecraft:range_dispatch",
    "property": "minecraft:custom_model_data",
    "entries": [
      {
        "threshold": 0,
        "model": {
          "type": "minecraft:select",
          "property": "minecraft:component",
          "component": "minecraft:custom_name",
          "cases": [
            {
              "when": {"text":"","extra":[{"text":"Bee Wings","obfuscated":false,"italic":false,"underlined":false,"strikethrough":false,"color":"yellow","bold":true}]},
              "model": {
                "type": "minecraft:condition",
                "property": "minecraft:broken",
                "on_true": {
                  "type": "minecraft:model",
                  "model": "slimefun/9_magical_armor/bee_wings_broken"
                },
                "on_false": {
                  "type": "minecraft:model",
                  "model": "slimefun/9_magical_armor/bee_wings"
                }
              }
            },
			{
              "when": {"text":"","extra":[{"text":"Magical Gadgets","obfuscated":false,"italic":false,"underlined":false,"strikethrough":false,"color":"yellow","bold":false}]},
              "model": {
                "type": "minecraft:condition",
                "property": "minecraft:broken",
                "on_true": {
                  "type": "minecraft:model",
                  "model": "slimefun/15_magical_gadgets/infused_elytra_broken"
                },
                "on_false": {
                  "type": "minecraft:model",
                  "model": "slimefun/15_magical_gadgets/infused_elytra"
                }
              }
            },
            {
              "when": {"text":"","extra":[{"text":"Infused Elytra","obfuscated":false,"italic":false,"underlined":false,"strikethrough":false,"color":"dark_purple","bold":false}]},
              "model": {
                "type": "minecraft:condition",
                "property": "minecraft:broken",
                "on_true": {
                  "type": "minecraft:model",
                  "model": "slimefun/15_magical_gadgets/infused_elytra_broken"
                },
                "on_false": {
                  "type": "minecraft:model",
                  "model": "slimefun/15_magical_gadgets/infused_elytra"
                }
              }
            },
            {
              "when": {"text":"","extra":[{"text":"Soulbound Elytra","obfuscated":false,"italic":false,"underlined":false,"strikethrough":false,"color":"red","bold":false}]},
              "model": {
                "type": "minecraft:condition",
                "property": "minecraft:broken",
                "on_true": {
                  "type": "minecraft:model",
                  "model": "slimefun/15_magical_gadgets/soulbound_elytra_broken"
                },
                "on_false": {
                  "type": "minecraft:model",
                  "model": "slimefun/15_magical_gadgets/soulbound_elytra"
                }
              }
            }
          ],
          "fallback": {
            "type": "minecraft:condition",
            "property": "minecraft:broken",
            "on_true": {
              "type": "minecraft:model",
              "model": "minecraft:item/elytra_broken"
            },
            "on_false": {
              "type": "minecraft:model",
              "model": "minecraft:item/elytra"
            }
          }
        }
      }
    ]
  },
  "oversized_in_gui": true
}