{
	"model": {
	"type": "minecraft:range_dispatch",
	"property": "minecraft:custom_model_data",
	"index": 0,
	"fallback": {
		"type": "minecraft:model",
		"model": "minecraft:item/enchanting_table"},


	"entries": [
	{"threshold": 0, "model": {"type": "minecraft:select", "property": "minecraft:component", "component": "minecraft:custom_name",
	"cases": [
		{"when": {"text":"","extra":[{"text":"Ancient Altar","obfuscated":false,"italic":false,"underlined":false,"strikethrough":false,"color":"light_purple","bold":false}]}, "model": {"type": "minecraft:model", "model": "slimefun/15_magical_gadgets/ancient_altar"}},
		{"when": {"text":"","extra":[{"text":"Ancient Altar","obfuscated":false,"italic":false,"underlined":false,"strikethrough":false,"color":"aqua","bold":false}]}, "model": {"type": "minecraft:model", "model": "slimefun/15_magical_gadgets/ancient_altar"}},
		{"when": {"text":"","extra":[{"text":"Auto Enchanter","obfuscated":false,"italic":false,"underlined":false,"strikethrough":false,"color":"dark_purple","bold":false}]}, "model": {"type": "minecraft:model", "model": "slimefun/28_energy_and_electricity/auto_enchanter"}},
		{"when": {"text":"","extra":[{"text":"Auto Enchanter ","obfuscated":false,"italic":false,"underlined":false,"strikethrough":false,"color":"dark_purple","bold":false},{"text":"- ","italic":false,"color":"gray"},{"text":"II","italic":false,"color":"yellow"}]}, "model": {"type": "minecraft:model", "model": "slimefun/28_energy_and_electricity/auto_enchanter_2"}},
		{"when": {"text":"","extra":[{"text":"Auto Disenchanter","obfuscated":false,"italic":false,"underlined":false,"strikethrough":false,"color":"dark_purple","bold":false}]}, "model": {"type": "minecraft:model", "model": "slimefun/28_energy_and_electricity/auto_disenchanter"}},
		{"when": {"text":"","extra":[{"text":"Auto Disenchanter ","obfuscated":false,"italic":false,"underlined":false,"strikethrough":false,"color":"dark_purple","bold":false},{"text":"- ","italic":false,"color":"gray"},{"text":"II","italic":false,"color":"yellow"}]}, "model": {"type": "minecraft:model", "model": "slimefun/28_energy_and_electricity/auto_disenchanter_2"}}
	],


	"fallback": {"type": "minecraft:model","model": "minecraft:item/enchanting_table"}}}
    ]
  },
  "oversized_in_gui": true
}