{
  "model": {
    "type": "minecraft:range_dispatch",
    "property": "minecraft:custom_model_data",
    "entries": [
      {
        "threshold": 0,
        "model": {
          "type": "minecraft:select",
          "property": "minecraft:component",
          "component": "minecraft:stored_enchantments",
          "cases": [
                        {
              "when": [
                {
                  "minecraft:fire_aspect": 10
                }
              ],
              "model": {
                "type": "minecraft:model",
                "model": "slimefun/29_infinity_expansion/materials/ender_flame"
              }
            },
            {
              "when": {},
              "model": {
                "type": "minecraft:select",
                "property": "minecraft:component",
                "component": "minecraft:custom_name",
                "cases": [
                  {
                    "when": {
                      "text": "",
                      "extra": [
                        {
                          "text": "Tome of Knowledge Sharing",
                          "obfuscated": false,
                          "italic": false,
                          "underlined": false,
                          "strikethrough": false,
                          "color": "gold",
                          "bold": false
                        }
                      ]
                    },
                    "model": {
                      "type": "minecraft:model",
                      "model": "slimefun/15_magical_gadgets/tome_of_knowledge_sharing"
                    }
                  },
				  {
                    "when": {
                      "text": "",
                      "extra": [
                        {
                          "text": "Slimefun Guide ",
                          "obfuscated": false,
                          "italic": false,
                          "underlined": false,
                          "strikethrough": false,
                          "color": "green",
                          "bold": false
                        },
                        {
                          "text": "(Chest GUI)",
                          "italic": false,
                          "color": "gray"
                        }
                      ]
                    },
                    "model": {
                      "type": "minecraft:model",
                      "model": "slimefun/0_ui/slimefun_guide"
                    }
                  },
				 {
                    "when": {
                      "text": "",
                      "extra": [
                        {
                          "text": "Slimefun Guide ",
                          "obfuscated": false,
                          "italic": false,
                          "underlined": false,
                          "strikethrough": false,
                          "color": "red",
                          "bold": false
                        },
                        {
                          "text": "(Cheat Sheet)",
                          "italic": false,
                          "color": "dark_red"
                        }
                      ]
                    },
                    "model": {
                      "type": "minecraft:model",
                      "model": "slimefun/0_ui/slimefun_guide_admin"
                    }
                  },
                  {
                    "when": {
                      "text": "",
                      "extra": [
                        {
                          "text": "\u21e6 Back",
                          "obfuscated": false,
                          "italic": false,
                          "underlined": false,
                          "strikethrough": false,
                          "color": "gray",
                          "bold": false
                        }
                      ]
                    },
                    "model": {
                      "type": "minecraft:model",
                      "model": "slimefun/0_ui/ui_home"
                    }
                  },
				  {
                    "when": {
                      "text": "",
                      "extra": [
                        {
                          "text": "\u21e6 Back",
                          "obfuscated": false,
                          "italic": false,
                          "underlined": false,
                          "strikethrough": false,
                          "color": "yellow",
                          "bold": false
                        }
                      ]
                    },
                    "model": {
                      "type": "minecraft:model",
                      "model": "slimefun/0_ui/ui_home"
                    }
                  }
                ],
                "fallback": {
                  "type": "minecraft:model",
                  "model": "minecraft:item/enchanted_book"
                }
              }
            }
          ],
          "fallback": {
            "type": "minecraft:model",
            "model": "minecraft:item/enchanted_book"
          }
        }
      }
    ]
  },
  "oversized_in_gui": true
}