{
	"model": {
	"type": "minecraft:range_dispatch",
	"property": "minecraft:custom_model_data",
	"index": 0,
	"fallback": {
		"type": "minecraft:model",
		"model": "minecraft:item/ender_eye"},


	"entries": [
	{"threshold": 0, "model": {"type": "minecraft:select", "property": "minecraft:component", "component": "minecraft:custom_name",
	"cases": [
		{"when": {"text":"","extra":[{"text":"Magic Eye of Ender","obfuscated":false,"italic":false,"underlined":false,"strikethrough":false,"color":"gold","bold":true}]}, "model": {"type": "minecraft:model", "model": "slimefun/15_magical_gadgets/magic_eye_of_ender"}},
		{"when": {"text":"","extra":[{"text":"Recall Charm","obfuscated":false,"italic":false,"underlined":false,"strikethrough":false,"color":"dark_purple","bold":false}]}, "model": {"type": "minecraft:model", "model": "slimefun/22_flower_power/recall_charm"}}
	],


	"fallback": {"type": "minecraft:model","model": "minecraft:item/ender_eye"}}}
    ]
  },
  "oversized_in_gui": true
}