{
  "model": {
    "type": "minecraft:range_dispatch",
    "property": "minecraft:custom_model_data",
    "index": 0,
    "fallback": {
      "type": "minecraft:model",
      "model": "minecraft:item/glass_bottle"
    },
    "entries": [
	{"threshold": 0, "model": {"type": "minecraft:select", "property": "minecraft:component", "component": "minecraft:custom_name",
	"cases": [
		{"when": {"text":"","extra":[{"text":"Juicer","obfuscated":false,"italic":false,"underlined":false,"strikethrough":false,"color":"green","bold":false}]}, "model": {"type": "minecraft:model", "model": "slimefun/3_basic_machines/juicer"}},
		{"when": {"text":"","extra":[{"text":"Juicer","obfuscated":false,"italic":false,"underlined":false,"strikethrough":false,"color":"aqua","bold":false}]}, "model": {"type": "minecraft:model", "model": "slimefun/3_basic_machines/juicer"}},
		{"when": {"text":"","extra":[{"text":"Flask of Knowledge","obfuscated":false,"italic":false,"underlined":false,"strikethrough":false,"color":"red","bold":false}]}, "model": {"type": "minecraft:model", "model": "slimefun/15_magical_gadgets/flask_of_knowledge"}}
	],


	"fallback": {"type": "minecraft:model","model": "minecraft:item/glass_bottle"}}}
    ]
  },
  "oversized_in_gui": true
}