{
	"model": {
	"type": "minecraft:range_dispatch",
	"property": "minecraft:custom_model_data",
	"index": 0,
	"fallback": {
		"type": "minecraft:model",
		"model": "minecraft:item/golden_sword"},


	"entries": [
	{"threshold": 0, "model": {"type": "minecraft:select", "property": "minecraft:component", "component": "minecraft:custom_name",
	"cases": [
		{"when": {"text":"","extra":[{"text":"Weapons","obfuscated":false,"italic":false,"underlined":false,"strikethrough":false,"color":"yellow","bold":false}]}, "model": {"type": "minecraft:model", "model": "slimefun/1_weapons/blade_of_vampires"}},
		{"when": {"text":"","extra":[{"text":"Blade of Vampires","obfuscated":false,"italic":false,"underlined":false,"strikethrough":false,"color":"red","bold":false}]}, "model": {"type": "minecraft:model", "model": "slimefun/1_weapons/blade_of_vampires"}},
		{"when": {"text":"","extra":[{"text":"Gilded Iron Sword","obfuscated":false,"italic":false,"underlined":false,"strikethrough":false,"bold":false}]}, "model": {"type": "minecraft:model", "model": "slimefun/6_extragear/gilded_iron_sword"}}
	],


	"fallback": {"type": "minecraft:model","model": "minecraft:item/golden_sword"}}}
    ]
  },
  "oversized_in_gui": true
}