{
	"model": {
	"type": "minecraft:range_dispatch",
	"property": "minecraft:custom_model_data",
	"index": 0,
	"fallback": {
		"type": "minecraft:model",
		"model": "minecraft:item/golden_chestplate"},


	"entries": [
	{"threshold": 0, "model": {"type": "minecraft:select", "property": "minecraft:component", "component": "minecraft:custom_name",
	"cases": [
		{"when": {"text":"","extra":[{"text":"Gilded Iron Chestplate","obfuscated":false,"italic":false,"underlined":false,"strikethrough":false,"color":"gold","bold":false}]}, "model": {"type": "minecraft:model", "model": "slimefun/12_armor/gilded_iron_chestplate"}},
		{"when": {"text":"","extra":[{"text":"Golden Chestplate ","obfuscated":false,"italic":false,"underlined":false,"strikethrough":false,"color":"gold","bold":false},{"text":"(12-Carat)","italic":false,"color":"gray"}]}, "model": {"type": "minecraft:model", "model": "slimefun/12_armor/gold_12k_chestplate"}}
	],


	"fallback": {"type": "minecraft:select","property": "minecraft:trim_material",
          "cases": [
            {"when": "minecraft:quartz","model": {"type": "minecraft:model","model": "minecraft:item/golden_chestplate_quartz_trim"}},
            {"when": "minecraft:iron","model": {"type": "minecraft:model","model": "minecraft:item/golden_chestplate_iron_trim"}},
            {"when": "minecraft:netherite","model": {"type": "minecraft:model","model": "minecraft:item/golden_chestplate_netherite_trim"}},
            {"when": "minecraft:redstone","model": {"type": "minecraft:model","model": "minecraft:item/golden_chestplate_redstone_trim"}},
            {"when": "minecraft:copper","model": {"type": "minecraft:model","model": "minecraft:item/golden_chestplate_copper_trim"}},
            {"when": "minecraft:gold","model": {"type": "minecraft:model","model": "minecraft:item/golden_chestplate_gold_trim"}},
            {"when": "minecraft:emerald","model": {"type": "minecraft:model","model": "minecraft:item/golden_chestplate_emerald_trim"}},
            {"when": "minecraft:diamond","model": {"type": "minecraft:model","model": "minecraft:item/golden_chestplate_diamond_trim"}},
            {"when": "minecraft:lapis","model": {"type": "minecraft:model","model": "minecraft:item/golden_chestplate_lapis_trim"}},
            {"when": "minecraft:amethyst","model": {"type": "minecraft:model","model": "minecraft:item/golden_chestplate_amethyst_trim"}},
            {"when": "minecraft:resin","model": {"type": "minecraft:model","model": "minecraft:item/golden_chestplate_resin_trim"}}
			],
          "fallback": {"type": "minecraft:model","model": "minecraft:item/golden_chestplate"}}}}
    ]
  },
  "oversized_in_gui": true
}