{
	"model": {
	"type": "minecraft:range_dispatch",
	"property": "minecraft:custom_model_data",
	"index": 0,
	"fallback": {
		"type": "minecraft:model",
		"model": "minecraft:item/golden_boots"},


	"entries": [
	{"threshold": 0, "model": {"type": "minecraft:select", "property": "minecraft:component", "component": "minecraft:custom_name",
	"cases": [
		{"when": {"text":"","extra":[{"text":"Bee Boots","obfuscated":false,"italic":false,"underlined":false,"strikethrough":false,"color":"yellow","bold":true}]}, "model": {"type": "minecraft:model", "model": "slimefun/9_magical_armor/bee_boots"}},
		{"when": {"text":"","extra":[{"text":"Gilded Iron Boots","obfuscated":false,"italic":false,"underlined":false,"strikethrough":false,"color":"gold","bold":false}]}, "model": {"type": "minecraft:model", "model": "slimefun/12_armor/gilded_iron_boots"}},
		{"when": {"text":"","extra":[{"text":"Golden Boots ","obfuscated":false,"italic":false,"underlined":false,"strikethrough":false,"color":"gold","bold":false},{"text":"(12-Carat)","italic":false,"color":"gray"}]}, "model": {"type": "minecraft:model", "model": "slimefun/12_armor/gold_12k_boots"}}
	],


	"fallback": {"type": "minecraft:select","property": "minecraft:trim_material",
          "cases": [
            {"when": "minecraft:quartz","model": {"type": "minecraft:model","model": "minecraft:item/golden_boots_quartz_trim"}},
            {"when": "minecraft:iron","model": {"type": "minecraft:model","model": "minecraft:item/golden_boots_iron_trim"}},
            {"when": "minecraft:netherite","model": {"type": "minecraft:model","model": "minecraft:item/golden_boots_netherite_trim"}},
            {"when": "minecraft:redstone","model": {"type": "minecraft:model","model": "minecraft:item/golden_boots_redstone_trim"}},
            {"when": "minecraft:copper","model": {"type": "minecraft:model","model": "minecraft:item/golden_boots_copper_trim"}},
            {"when": "minecraft:gold","model": {"type": "minecraft:model","model": "minecraft:item/golden_boots_gold_trim"}},
            {"when": "minecraft:emerald","model": {"type": "minecraft:model","model": "minecraft:item/golden_boots_emerald_trim"}},
            {"when": "minecraft:diamond","model": {"type": "minecraft:model","model": "minecraft:item/golden_boots_diamond_trim"}},
            {"when": "minecraft:lapis","model": {"type": "minecraft:model","model": "minecraft:item/golden_boots_lapis_trim"}},
            {"when": "minecraft:amethyst","model": {"type": "minecraft:model","model": "minecraft:item/golden_boots_amethyst_trim"}},
            {"when": "minecraft:resin","model": {"type": "minecraft:model","model": "minecraft:item/golden_boots_resin_trim"}}
			],
          "fallback": {"type": "minecraft:model","model": "minecraft:item/golden_boots"}}}}
    ]
  },
  "oversized_in_gui": true
}