{
	"model": {
	"type": "minecraft:range_dispatch",
	"property": "minecraft:custom_model_data",
	"index": 0,
	"fallback": {
		"type": "minecraft:model",
		"model": "minecraft:item/iron_pickaxe"},


	"entries": [
	{"threshold": 0, "model": {"type": "minecraft:select", "property": "minecraft:component", "component": "minecraft:custom_name",
	"cases": [
		{"when": {"text":"","extra":[{"text":"Pickaxe of Containment","obfuscated":false,"italic":false,"underlined":false,"strikethrough":false,"color":"red","bold":false}]}, "model": {"type": "minecraft:model", "model": "slimefun/4_tools/pickaxe_of_containment"}},
		{"when": {"text":"","extra":[{"text":"Pickaxe of Containment","obfuscated":false,"italic":false,"underlined":false,"strikethrough":false,"color":"aqua","bold":false}]}, "model": {"type": "minecraft:model", "model": "slimefun/4_tools/pickaxe_of_containment"}},
		{"when": {"text":"","extra":[{"text":"Cobalt Pickaxe","obfuscated":false,"italic":false,"underlined":false,"strikethrough":false,"color":"blue","bold":false}]}, "model": {"type": "minecraft:model", "model": "slimefun/4_tools/cobalt_pickaxe"}},
		{"when": {"text":"","extra":[{"text":"Climbing Pick","obfuscated":false,"italic":false,"underlined":false,"strikethrough":false,"color":"aqua","bold":false}]}, "model": {"type": "minecraft:model", "model": "slimefun/4_tools/climbing_pick"}}
	],


	"fallback": {"type": "minecraft:model","model": "minecraft:item/iron_pickaxe"}}}
    ]
  },
  "oversized_in_gui": true
}