{
	"model": {
	"type": "minecraft:range_dispatch",
	"property": "minecraft:custom_model_data",
	"index": 0,
	"fallback": {
		"type": "minecraft:model",
		"model": "minecraft:item/iron_ingot"},


	"entries": [
	{"threshold": 0, "model": {"type": "minecraft:select", "property": "minecraft:component", "component": "minecraft:custom_name",
	"cases": [
		{"when": {"text":"","extra":[{"text":"Reinforced Alloy Ingot","obfuscated":false,"italic":false,"underlined":false,"strikethrough":false,"color":"aqua","bold":true}]}, "model": {"type": "minecraft:model", "model": "slimefun/5_resources/reinforced_alloy_ingot"}},
		{"when": {"text":"","extra":[{"text":"Hardened Metal","obfuscated":false,"italic":false,"underlined":false,"strikethrough":false,"color":"aqua","bold":true}]}, "model": {"type": "minecraft:model", "model": "slimefun/5_resources/hardened_metal_ingot"}},
		{"when": {"text":"","extra":[{"text":"Damascus Steel Ingot","obfuscated":false,"italic":false,"underlined":false,"strikethrough":false,"color":"aqua","bold":false}]}, "model": {"type": "minecraft:model", "model": "slimefun/5_resources/damascus_steel_ingot"}},
		{"when": {"text":"","extra":[{"text":"Steel Ingot","obfuscated":false,"italic":false,"underlined":false,"strikethrough":false,"color":"aqua","bold":false}]}, "model": {"type": "minecraft:model", "model": "slimefun/5_resources/steel_ingot"}},
		{"when": {"text":"","extra":[{"text":"Duralumin Ingot","obfuscated":false,"italic":false,"underlined":false,"strikethrough":false,"color":"aqua","bold":false}]}, "model": {"type": "minecraft:model", "model": "slimefun/5_resources/duralumin_ingot"}},
		{"when": {"text":"","extra":[{"text":"Billon Ingot","obfuscated":false,"italic":false,"underlined":false,"strikethrough":false,"color":"aqua","bold":false}]}, "model": {"type": "minecraft:model", "model": "slimefun/5_resources/billon_ingot"}},
		{"when": {"text":"","extra":[{"text":"Solder Ingot","obfuscated":false,"italic":false,"underlined":false,"strikethrough":false,"color":"aqua","bold":false}]}, "model": {"type": "minecraft:model", "model": "slimefun/5_resources/solder_ingot"}},
		{"when": {"text":"","extra":[{"text":"Nickel Ingot","obfuscated":false,"italic":false,"underlined":false,"strikethrough":false,"color":"aqua","bold":false}]}, "model": {"type": "minecraft:model", "model": "slimefun/5_resources/nickel_ingot"}},
		{"when": {"text":"","extra":[{"text":"Cobalt Ingot","obfuscated":false,"italic":false,"underlined":false,"strikethrough":false,"color":"blue","bold":false}]}, "model": {"type": "minecraft:model", "model": "slimefun/5_resources/cobalt_ingot"}},
		{"when": {"text":"","extra":[{"text":"Ferrosilicon","obfuscated":false,"italic":false,"underlined":false,"strikethrough":false,"color":"aqua","bold":false}]}, "model": {"type": "minecraft:model", "model": "slimefun/5_resources/ferrosilicon"}},
		{"when": {"text":"","extra":[{"text":"Tin Ingot","obfuscated":false,"italic":false,"underlined":false,"strikethrough":false,"color":"aqua","bold":false}]}, "model": {"type": "minecraft:model", "model": "slimefun/5_resources/tin_ingot"}},
		{"when": {"text":"","extra":[{"text":"Silver Ingot","obfuscated":false,"italic":false,"underlined":false,"strikethrough":false,"color":"aqua","bold":false}]}, "model": {"type": "minecraft:model", "model": "slimefun/5_resources/silver_ingot"}},
		{"when": {"text":"","extra":[{"text":"Lead Ingot","obfuscated":false,"italic":false,"underlined":false,"strikethrough":false,"color":"aqua","bold":false}]}, "model": {"type": "minecraft:model", "model": "slimefun/5_resources/lead_ingot"}},
		{"when": {"text":"","extra":[{"text":"Aluminum Ingot","obfuscated":false,"italic":false,"underlined":false,"strikethrough":false,"color":"aqua","bold":false}]}, "model": {"type": "minecraft:model", "model": "slimefun/5_resources/aluminum_ingot"}},
		{"when": {"text":"","extra":[{"text":"Zinc Ingot","obfuscated":false,"italic":false,"underlined":false,"strikethrough":false,"color":"aqua","bold":false}]}, "model": {"type": "minecraft:model", "model": "slimefun/5_resources/zinc_ingot"}},
		{"when": {"text":"","extra":[{"text":"Magnesium Ingot","obfuscated":false,"italic":false,"underlined":false,"strikethrough":false,"color":"aqua","bold":false}]}, "model": {"type": "minecraft:model", "model": "slimefun/5_resources/magnesium_ingot"}},
		{"when": {"text":"","extra":[{"text":"Aluminum Composite","obfuscated":false,"italic":false,"underlined":false,"strikethrough":false,"color":"white","bold":false}]}, "model": {"type": "minecraft:model", "model": "slimefun/24_galactifun/components/aluminum_composite"}},
		{"when": {"text":"","extra":[{"text":"Tungsten Carbide","obfuscated":false,"italic":false,"underlined":false,"strikethrough":false,"color":"gray","bold":false}]}, "model": {"type": "minecraft:model", "model": "slimefun/24_galactifun/components/tungsten_carbide"}},
		{"when": {"text":"","extra":[{"text":"Infinity Ingot","obfuscated":false,"italic":false,"underlined":false,"strikethrough":false,"color":"aqua","bold":false}]}, "model": {"type": "minecraft:model", "model": "slimefun/29_infinity_expansion/materials/infinity_ingot"}},
		{"when": {"text":"","extra":[{"text":"Titanium","obfuscated":false,"italic":false,"underlined":false,"strikethrough":false,"color":"gray","bold":false}]}, "model": {"type": "minecraft:model", "model": "slimefun/29_infinity_expansion/materials/titanium"}},
		{"when": {"text":"","extra":[{"text":"Mythril","obfuscated":false,"italic":false,"underlined":false,"strikethrough":false,"color":"aqua","bold":false}]}, "model": {"type": "minecraft:model", "model": "slimefun/29_infinity_expansion/materials/mythril"}},
		{"when": {"text":"","extra":[{"text":"Sefirite Ingot","obfuscated":false,"italic":false,"underlined":false,"strikethrough":false,"color":"#DBCEA9","bold":false}]}, "model": {"type": "minecraft:model", "model": "slimefun/23_slime_tinker/materials/sefirite_ingot"}},
		{"when": {"text":"","extra":[{"text":"Cringleium Ingot","obfuscated":false,"italic":false,"underlined":false,"strikethrough":false,"color":"#DBCEA9","bold":false}]}, "model": {"type": "minecraft:model", "model": "slimefun/23_slime_tinker/materials/cringleium_ingot"}},
		{"when": {"text":"","extra":[{"text":"Smithium Ingot","obfuscated":false,"italic":false,"underlined":false,"strikethrough":false,"color":"#DBCEA9","bold":false}]}, "model": {"type": "minecraft:model", "model": "slimefun/23_slime_tinker/materials/smithium_ingot"}}
	],


	"fallback": {"type": "minecraft:model","model": "minecraft:item/iron_ingot"}}}
    ]
  },
  "oversized_in_gui": true
}