{
	"model": {
	"type": "minecraft:range_dispatch",
	"property": "minecraft:custom_model_data",
	"index": 0,
	"fallback": {
		"type": "minecraft:model",
		"model": "minecraft:item/iron_chestplate"},


	"entries": [
	{"threshold": 0, "model": {"type": "minecraft:select", "property": "minecraft:component", "component": "minecraft:custom_name",
	"cases": [
		{"when": {"text":"","extra":[{"text":"Tin Chestplate","obfuscated":false,"italic":false,"underlined":false,"strikethrough":false,"color":"white","bold":false}]}, "model": {"type": "minecraft:model", "model": "slimefun/6_extragear/tin_chestplate"}},
		{"when": {"text":"","extra":[{"text":"Silver Chestplate","obfuscated":false,"italic":false,"underlined":false,"strikethrough":false,"color":"white","bold":false}]}, "model": {"type": "minecraft:model", "model": "slimefun/6_extragear/silver_chestplate"}},
		{"when": {"text":"","extra":[{"text":"Aluminum Chestplate","obfuscated":false,"italic":false,"underlined":false,"strikethrough":false,"color":"white","bold":false}]}, "model": {"type": "minecraft:model", "model": "slimefun/6_extragear/aluminum_chestplate"}},
		{"when": {"text":"","extra":[{"text":"Lead Chestplate","obfuscated":false,"italic":false,"underlined":false,"strikethrough":false,"color":"white","bold":false}]}, "model": {"type": "minecraft:model", "model": "slimefun/6_extragear/lead_chestplate"}},
		{"when": {"text":"","extra":[{"text":"Zinc Chestplate","obfuscated":false,"italic":false,"underlined":false,"strikethrough":false,"color":"white","bold":false}]}, "model": {"type": "minecraft:model", "model": "slimefun/6_extragear/zinc_chestplate"}},
		{"when": {"text":"","extra":[{"text":"Magnesium Chestplate","obfuscated":false,"italic":false,"underlined":false,"strikethrough":false,"color":"white","bold":false}]}, "model": {"type": "minecraft:model", "model": "slimefun/6_extragear/magnesium_chestplate"}},
		{"when": {"text":"","extra":[{"text":"Steel Chestplate","obfuscated":false,"italic":false,"underlined":false,"strikethrough":false,"color":"white","bold":false}]}, "model": {"type": "minecraft:model", "model": "slimefun/6_extragear/steel_chestplate"}},
		{"when": {"text":"","extra":[{"text":"Cobalt Chestplate","obfuscated":false,"italic":false,"underlined":false,"strikethrough":false,"color":"white","bold":false}]}, "model": {"type": "minecraft:model", "model": "slimefun/6_extragear/cobalt_chestplate"}},
		{"when": {"text":"","extra":[{"text":"Slime Chestplate","obfuscated":false,"italic":false,"underlined":false,"strikethrough":false,"color":"green","bold":true}]}, "model": {"type": "minecraft:model", "model": "slimefun/9_magical_armor/reinforced_slime_chestplate"}},
		{"when": {"text":"","extra":[{"text":"Armor","obfuscated":false,"italic":false,"underlined":false,"strikethrough":false,"color":"yellow","bold":false}]}, "model": {"type": "minecraft:model", "model": "slimefun/12_armor/damascus_steel_chestplate"}},
		{"when": {"text":"","extra":[{"text":"Damascus Steel Chestplate","obfuscated":false,"italic":false,"underlined":false,"strikethrough":false,"color":"gray","bold":false}]}, "model": {"type": "minecraft:model", "model": "slimefun/12_armor/damascus_steel_chestplate"}},
		{"when": {"text":"","extra":[{"text":"Reinforced Chestplate","obfuscated":false,"italic":false,"underlined":false,"strikethrough":false,"color":"aqua","bold":false}]}, "model": {"type": "minecraft:model", "model": "slimefun/12_armor/reinforced_alloy_chestplate"}},
		{"when": {"text":"","extra":[{"text":"Armored Jetpack","obfuscated":false,"italic":false,"underlined":false,"strikethrough":false,"color":"blue","bold":false}]}, "model": {"type": "minecraft:model", "model": "slimefun/16_technical_gadgets/jetpack_armored"}},
		{"when": {"text":"","extra":[{"text":"Space Suit Chest","obfuscated":false,"italic":false,"underlined":false,"strikethrough":false,"color":"white","bold":false}]}, "model": {"type": "minecraft:model", "model": "slimefun/24_galactifun/equipment/space_suit_chestplate"}},
		{"when": {"text":"","extra":[{"text":"Slime Data Card","obfuscated":false,"italic":false,"underlined":false,"strikethrough":false,"color":"aqua","bold":false}]}, "model": {"type": "minecraft:model", "model": "slimefun/29_infinity_expansion/mob_simulation/data_card_slime"}},
		{"when": {"text":"","extra":[{"text":"Magma Cube Data Card","obfuscated":false,"italic":false,"underlined":false,"strikethrough":false,"color":"aqua","bold":false}]}, "model": {"type": "minecraft:model", "model": "slimefun/29_infinity_expansion/mob_simulation/data_card_magma_cube"}},
		{"when": {"text":"","extra":[{"text":"Cow Data Card","obfuscated":false,"italic":false,"underlined":false,"strikethrough":false,"color":"aqua","bold":false}]}, "model": {"type": "minecraft:model", "model": "slimefun/29_infinity_expansion/mob_simulation/data_card_cow"}},
		{"when": {"text":"","extra":[{"text":"Sheep Data Card","obfuscated":false,"italic":false,"underlined":false,"strikethrough":false,"color":"aqua","bold":false}]}, "model": {"type": "minecraft:model", "model": "slimefun/29_infinity_expansion/mob_simulation/data_card_sheep"}},
		{"when": {"text":"","extra":[{"text":"Chicken Data Card","obfuscated":false,"italic":false,"underlined":false,"strikethrough":false,"color":"aqua","bold":false}]}, "model": {"type": "minecraft:model", "model": "slimefun/29_infinity_expansion/mob_simulation/data_card_chicken"}},
		{"when": {"text":"","extra":[{"text":"Bee Data Card","obfuscated":false,"italic":false,"underlined":false,"strikethrough":false,"color":"aqua","bold":false}]}, "model": {"type": "minecraft:model", "model": "slimefun/29_infinity_expansion/mob_simulation/data_card_bee"}},
		{"when": {"text":"","extra":[{"text":"Villager Data Card","obfuscated":false,"italic":false,"underlined":false,"strikethrough":false,"color":"aqua","bold":false}]}, "model": {"type": "minecraft:model", "model": "slimefun/29_infinity_expansion/mob_simulation/data_card_villager"}}
	],


	"fallback": {"type": "minecraft:select","property": "minecraft:trim_material",
          "cases": [
            {"when": "minecraft:quartz","model": {"type": "minecraft:model","model": "minecraft:item/iron_chestplate_quartz_trim"}},
            {"when": "minecraft:iron","model": {"type": "minecraft:model","model": "minecraft:item/iron_chestplate_iron_trim"}},
            {"when": "minecraft:netherite","model": {"type": "minecraft:model","model": "minecraft:item/iron_chestplate_netherite_trim"}},
            {"when": "minecraft:redstone","model": {"type": "minecraft:model","model": "minecraft:item/iron_chestplate_redstone_trim"}},
            {"when": "minecraft:copper","model": {"type": "minecraft:model","model": "minecraft:item/iron_chestplate_copper_trim"}},
            {"when": "minecraft:gold","model": {"type": "minecraft:model","model": "minecraft:item/iron_chestplate_gold_trim"}},
            {"when": "minecraft:emerald","model": {"type": "minecraft:model","model": "minecraft:item/iron_chestplate_emerald_trim"}},
            {"when": "minecraft:diamond","model": {"type": "minecraft:model","model": "minecraft:item/iron_chestplate_diamond_trim"}},
            {"when": "minecraft:lapis","model": {"type": "minecraft:model","model": "minecraft:item/iron_chestplate_lapis_trim"}},
            {"when": "minecraft:amethyst","model": {"type": "minecraft:model","model": "minecraft:item/iron_chestplate_amethyst_trim"}},
            {"when": "minecraft:resin","model": {"type": "minecraft:model","model": "minecraft:item/iron_chestplate_resin_trim"}}
			],
	"fallback": {"type": "minecraft:model","model": "minecraft:item/iron_chestplate"}}}}
    ]
  },
  "oversized_in_gui": true
}