{
	"model": {
	"type": "minecraft:range_dispatch",
	"property": "minecraft:custom_model_data",
	"index": 0,
	"fallback": {
		"type": "minecraft:model",
		"model": "minecraft:item/iron_leggings"},


	"entries": [
	{"threshold": 0, "model": {"type": "minecraft:select", "property": "minecraft:component", "component": "minecraft:custom_name",
	"cases": [
		{"when": {"text":"","extra":[{"text":"Tin Leggings","obfuscated":false,"italic":false,"underlined":false,"strikethrough":false,"color":"white","bold":false}]}, "model": {"type": "minecraft:model", "model": "slimefun/6_extragear/tin_leggings"}},
		{"when": {"text":"","extra":[{"text":"Silver Leggings","obfuscated":false,"italic":false,"underlined":false,"strikethrough":false,"color":"white","bold":false}]}, "model": {"type": "minecraft:model", "model": "slimefun/6_extragear/silver_leggings"}},
		{"when": {"text":"","extra":[{"text":"Aluminum Leggings","obfuscated":false,"italic":false,"underlined":false,"strikethrough":false,"color":"white","bold":false}]}, "model": {"type": "minecraft:model", "model": "slimefun/6_extragear/aluminum_leggings"}},
		{"when": {"text":"","extra":[{"text":"Lead Leggings","obfuscated":false,"italic":false,"underlined":false,"strikethrough":false,"color":"white","bold":false}]}, "model": {"type": "minecraft:model", "model": "slimefun/6_extragear/lead_leggings"}},
		{"when": {"text":"","extra":[{"text":"Zinc Leggings","obfuscated":false,"italic":false,"underlined":false,"strikethrough":false,"color":"white","bold":false}]}, "model": {"type": "minecraft:model", "model": "slimefun/6_extragear/zinc_leggings"}},
		{"when": {"text":"","extra":[{"text":"Magnesium Leggings","obfuscated":false,"italic":false,"underlined":false,"strikethrough":false,"color":"white","bold":false}]}, "model": {"type": "minecraft:model", "model": "slimefun/6_extragear/magnesium_leggings"}},
		{"when": {"text":"","extra":[{"text":"Steel Leggings","obfuscated":false,"italic":false,"underlined":false,"strikethrough":false,"color":"white","bold":false}]}, "model": {"type": "minecraft:model", "model": "slimefun/6_extragear/steel_leggings"}},
		{"when": {"text":"","extra":[{"text":"Cobalt Leggings","obfuscated":false,"italic":false,"underlined":false,"strikethrough":false,"color":"white","bold":false}]}, "model": {"type": "minecraft:model", "model": "slimefun/6_extragear/cobalt_leggings"}},
		{"when": {"text":"","extra":[{"text":"Slime Leggings","obfuscated":false,"italic":false,"underlined":false,"strikethrough":false,"color":"green","bold":true}]}, "model": {"type": "minecraft:model", "model": "slimefun/9_magical_armor/reinforced_slime_leggings"}},
		{"when": {"text":"","extra":[{"text":"Damascus Steel Leggings","obfuscated":false,"italic":false,"underlined":false,"strikethrough":false,"color":"gray","bold":false}]}, "model": {"type": "minecraft:model", "model": "slimefun/12_armor/damascus_steel_leggings"}},
		{"when": {"text":"","extra":[{"text":"Reinforced Leggings","obfuscated":false,"italic":false,"underlined":false,"strikethrough":false,"color":"aqua","bold":false}]}, "model": {"type": "minecraft:model", "model": "slimefun/12_armor/reinforced_alloy_leggings"}},
		{"when": {"text":"","extra":[{"text":"Space Suit Pants","obfuscated":false,"italic":false,"underlined":false,"strikethrough":false,"color":"white","bold":false}]}, "model": {"type": "minecraft:model", "model": "slimefun/24_galactifun/equipment/space_suit_leggings"}}
	],


	"fallback": {"type": "minecraft:select","property": "minecraft:trim_material",
          "cases": [
            {"when": "minecraft:quartz","model": {"type": "minecraft:model","model": "minecraft:item/iron_leggings_quartz_trim"}},
            {"when": "minecraft:iron","model": {"type": "minecraft:model","model": "minecraft:item/iron_leggings_iron_trim"}},
            {"when": "minecraft:netherite","model": {"type": "minecraft:model","model": "minecraft:item/iron_leggings_netherite_trim"}},
            {"when": "minecraft:redstone","model": {"type": "minecraft:model","model": "minecraft:item/iron_leggings_redstone_trim"}},
            {"when": "minecraft:copper","model": {"type": "minecraft:model","model": "minecraft:item/iron_leggings_copper_trim"}},
            {"when": "minecraft:gold","model": {"type": "minecraft:model","model": "minecraft:item/iron_leggings_gold_trim"}},
            {"when": "minecraft:emerald","model": {"type": "minecraft:model","model": "minecraft:item/iron_leggings_emerald_trim"}},
            {"when": "minecraft:diamond","model": {"type": "minecraft:model","model": "minecraft:item/iron_leggings_diamond_trim"}},
            {"when": "minecraft:lapis","model": {"type": "minecraft:model","model": "minecraft:item/iron_leggings_lapis_trim"}},
            {"when": "minecraft:amethyst","model": {"type": "minecraft:model","model": "minecraft:item/iron_leggings_amethyst_trim"}},
            {"when": "minecraft:resin","model": {"type": "minecraft:model","model": "minecraft:item/iron_leggings_resin_trim"}}
			],
		"fallback": {"type": "minecraft:model","model": "minecraft:item/iron_leggings"}}}}
    ]
  },
  "oversized_in_gui": true
}