{
	"model": {
	"type": "minecraft:range_dispatch",
	"property": "minecraft:custom_model_data",
	"index": 0,
	"fallback": {
		"type": "minecraft:model",
		"model": "minecraft:item/knowledge_book"},


	"entries": [
	{"threshold": 0, "model": {"type": "minecraft:select", "property": "minecraft:component", "component": "minecraft:custom_name",
	"cases": [
		{"when": {"text":"","extra":[{"text":"Slimefun4 Wiki","obfuscated":false,"italic":false,"underlined":false,"strikethrough":false,"color":"dark_aqua","bold":false}]}, "model": {"type": "minecraft:model", "model": "slimefun/0_ui/ui_wiki"}},
		{"when": {"text":"","extra":[{"text":"View this Item on the official Slimefun Wiki","obfuscated":false,"italic":false,"underlined":false,"strikethrough":false,"color":"white","bold":false}]}, "model": {"type": "minecraft:model", "model": "slimefun/0_ui/ui_wiki"}}
	],


	"fallback": {"type": "minecraft:model","model": "minecraft:item/knowledge_book"}}}
    ]
  },
  "oversized_in_gui": true
}