{
  "model": {
    "type": "minecraft:range_dispatch",
    "property": "minecraft:custom_model_data",
    "index": 0,
    "fallback": {
      "type": "minecraft:model",
      "model": "minecraft:item/lead"},


    "entries": [
      {"threshold": 0, "model": {"type": "minecraft:select", "property": "minecraft:component", "component": "minecraft:custom_name",
	  "cases": [
	  {"when": {"text":"","extra":[{"text":"Grappling Hook","obfuscated":false,"italic":false,"underlined":false,"strikethrough":false,"color":"gold","bold":false}]}, "model": {"type": "minecraft:model", "model": "slimefun/4_tools/grappling_hook"}}
	  ],


      "fallback": {"type": "minecraft:model","model": "minecraft:item/lead"}}}
    ]
  },
  "oversized_in_gui": true
}