{
	"model": {
	"type": "minecraft:range_dispatch",
	"property": "minecraft:custom_model_data",
	"index": 0,
	"fallback": {
      "type": "minecraft:model",
      "model": "minecraft:item/leather_boots",
      "tints": [{"type": "minecraft:dye","default": -6265536}]},


	"entries": [
	{"threshold": 0, "model": {"type": "minecraft:select", "property": "minecraft:component", "component": "minecraft:custom_name",
	"cases": [
		{"when": {"text":"","extra":[{"text":"Copper Boots","obfuscated":false,"italic":false,"underlined":false,"strikethrough":false,"color":"white","bold":false}]}, "model": {"type": "minecraft:model", "model": "slimefun/6_extragear/copper_boots"}},
		{"when": {"text":"","extra":[{"text":"Ender Boots","obfuscated":false,"italic":false,"underlined":false,"strikethrough":false,"color":"dark_purple","bold":true}]}, "model": {"type": "minecraft:model", "model": "slimefun/9_magical_armor/ender_boots"}},
		{"when": {"text":"","extra":[{"text":"Slime Boots","obfuscated":false,"italic":false,"underlined":false,"strikethrough":false,"color":"green","bold":true}]}, "model": {"type": "minecraft:model", "model": "slimefun/9_magical_armor/slime_boots"}},
		{"when": {"text":"","extra":[{"text":"Glowstone Boots","obfuscated":false,"italic":false,"underlined":false,"strikethrough":false,"color":"yellow","bold":true}]}, "model": {"type": "minecraft:model", "model": "slimefun/9_magical_armor/glowstone_boots"}},
		{"when": {"text":"","extra":[{"text":"Rainbow Boots","obfuscated":false,"italic":false,"underlined":false,"strikethrough":false,"color":"light_purple","bold":true}]}, "model": {"type": "minecraft:model", "model": "slimefun/9_magical_armor/rainbow_boots"}},
		{"when": {"text":"","extra":[{"text":"Farmer Shoes","obfuscated":false,"italic":false,"underlined":false,"strikethrough":false,"color":"yellow","bold":false}]}, "model": {"type": "minecraft:model", "model": "slimefun/9_magical_armor/farmer_shoes"}},
		{"when": {"text":"","extra":[{"text":"Boots of the Stomper","obfuscated":false,"italic":false,"underlined":false,"strikethrough":false,"color":"aqua","bold":false}]}, "model": {"type": "minecraft:model", "model": "slimefun/9_magical_armor/boots_of_the_stomper"}},
		{"when": {"text":"","extra":[{"text":"Cactus Boots","obfuscated":false,"italic":false,"underlined":false,"strikethrough":false,"color":"dark_green","bold":false}]}, "model": {"type": "minecraft:model", "model": "slimefun/12_armor/cactus_boots"}},
		{"when": {"text":"","extra":[{"text":"Hazmat Boots","obfuscated":false,"italic":false,"underlined":false,"strikethrough":false,"color":"red","bold":false}]}, "model": {"type": "minecraft:model", "model": "slimefun/12_armor/hazmat_boots"}},
		{"when": {"text":"","extra":[{"text":"Jet Boots ","obfuscated":false,"italic":false,"underlined":false,"strikethrough":false,"color":"blue","bold":false},{"text":"- ","italic":false,"color":"gray"},{"text":"I","italic":false,"color":"yellow"}]}, "model": {"type": "minecraft:model", "model": "slimefun/16_technical_gadgets/jetboots_duralumin"}},
		{"when": {"text":"","extra":[{"text":"Jet Boots ","obfuscated":false,"italic":false,"underlined":false,"strikethrough":false,"color":"blue","bold":false},{"text":"- ","italic":false,"color":"gray"},{"text":"II","italic":false,"color":"yellow"}]}, "model": {"type": "minecraft:model", "model": "slimefun/16_technical_gadgets/jetboots_solder"}},
		{"when": {"text":"","extra":[{"text":"Jet Boots ","obfuscated":false,"italic":false,"underlined":false,"strikethrough":false,"color":"blue","bold":false},{"text":"- ","italic":false,"color":"gray"},{"text":"III","italic":false,"color":"yellow"}]}, "model": {"type": "minecraft:model", "model": "slimefun/16_technical_gadgets/jetboots_billon"}},
		{"when": {"text":"","extra":[{"text":"Jet Boots ","obfuscated":false,"italic":false,"underlined":false,"strikethrough":false,"color":"blue","bold":false},{"text":"- ","italic":false,"color":"gray"},{"text":"IV","italic":false,"color":"yellow"}]}, "model": {"type": "minecraft:model", "model": "slimefun/16_technical_gadgets/jetboots_steel"}},
		{"when": {"text":"","extra":[{"text":"Jet Boots ","obfuscated":false,"italic":false,"underlined":false,"strikethrough":false,"color":"blue","bold":false},{"text":"- ","italic":false,"color":"gray"},{"text":"V","italic":false,"color":"yellow"}]}, "model": {"type": "minecraft:model", "model": "slimefun/16_technical_gadgets/jetboots_damascus_steel"}},
		{"when": {"text":"","extra":[{"text":"Jet Boots ","obfuscated":false,"italic":false,"underlined":false,"strikethrough":false,"color":"blue","bold":false},{"text":"- ","italic":false,"color":"gray"},{"text":"VI","italic":false,"color":"yellow"}]}, "model": {"type": "minecraft:model", "model": "slimefun/16_technical_gadgets/jetboots_reinforced"}},
		{"when": {"text":"","extra":[{"text":"Jet Boots ","obfuscated":false,"italic":false,"underlined":false,"strikethrough":false,"color":"blue","bold":false},{"text":"- ","italic":false,"color":"gray"},{"text":"VII","italic":false,"color":"yellow"}]}, "model": {"type": "minecraft:model", "model": "slimefun/16_technical_gadgets/jetboots_carbonado"}}
	],


	"fallback": {"type": "minecraft:select","property": "minecraft:trim_material",
          "cases": [
            {"when": "minecraft:quartz","model": {"type": "minecraft:model","model": "minecraft:item/leather_boots_quartz_trim", "tints": [{"type": "minecraft:dye","default": -6265536}]}},
            {"when": "minecraft:iron","model": {"type": "minecraft:model","model": "minecraft:item/leather_boots_iron_trim", "tints": [{"type": "minecraft:dye","default": -6265536}]}},
            {"when": "minecraft:netherite","model": {"type": "minecraft:model","model": "minecraft:item/leather_boots_netherite_trim", "tints": [{"type": "minecraft:dye","default": -6265536}]}},
            {"when": "minecraft:redstone","model": {"type": "minecraft:model","model": "minecraft:item/leather_boots_redstone_trim", "tints": [{"type": "minecraft:dye","default": -6265536}]}},
            {"when": "minecraft:copper","model": {"type": "minecraft:model","model": "minecraft:item/leather_boots_copper_trim", "tints": [{"type": "minecraft:dye","default": -6265536}]}},
            {"when": "minecraft:gold","model": {"type": "minecraft:model","model": "minecraft:item/leather_boots_gold_trim", "tints": [{"type": "minecraft:dye","default": -6265536}]}},
            {"when": "minecraft:emerald","model": {"type": "minecraft:model","model": "minecraft:item/leather_boots_emerald_trim", "tints": [{"type": "minecraft:dye","default": -6265536}]}},
            {"when": "minecraft:diamond","model": {"type": "minecraft:model","model": "minecraft:item/leather_boots_diamond_trim", "tints": [{"type": "minecraft:dye","default": -6265536}]}},
            {"when": "minecraft:lapis","model": {"type": "minecraft:model","model": "minecraft:item/leather_boots_lapis_trim", "tints": [{"type": "minecraft:dye","default": -6265536}]}},
            {"when": "minecraft:amethyst","model": {"type": "minecraft:model","model": "minecraft:item/leather_boots_amethyst_trim", "tints": [{"type": "minecraft:dye","default": -6265536}]}},
            {"when": "minecraft:resin","model": {"type": "minecraft:model","model": "minecraft:item/leather_boots_resin_trim", "tints": [{"type": "minecraft:dye","default": -6265536}]}}
			],
		"fallback": {"type": "minecraft:model","model": "minecraft:item/leather_boots", "tints": [{"type": "minecraft:dye","default": -6265536}]}}}}
    ]
  },
  "oversized_in_gui": true
}