{
	"model": {
	"type": "minecraft:range_dispatch",
	"property": "minecraft:custom_model_data",
	"index": 0,
	"fallback": {
      "type": "minecraft:model",
      "model": "minecraft:item/leather_leggings",
      "tints": [{"type": "minecraft:dye","default": -6265536}]},


	"entries": [
	{"threshold": 0, "model": {"type": "minecraft:select", "property": "minecraft:component", "component": "minecraft:custom_name",
	"cases": [
		{"when": {"text":"","extra":[{"text":"Copper Leggings","obfuscated":false,"italic":false,"underlined":false,"strikethrough":false,"color":"white","bold":false}]}, "model": {"type": "minecraft:model", "model": "slimefun/6_extragear/copper_leggings"}},
		{"when": {"text":"","extra":[{"text":"Ender Leggings","obfuscated":false,"italic":false,"underlined":false,"strikethrough":false,"color":"dark_purple","bold":true}]}, "model": {"type": "minecraft:model", "model": "slimefun/9_magical_armor/ender_leggings"}},
		{"when": {"text":"","extra":[{"text":"Slime Leggings","obfuscated":false,"italic":false,"underlined":false,"strikethrough":false,"color":"green","bold":true}]}, "model": {"type": "minecraft:model", "model": "slimefun/9_magical_armor/slime_leggings"}},
		{"when": {"text":"","extra":[{"text":"Glowstone Leggings","obfuscated":false,"italic":false,"underlined":false,"strikethrough":false,"color":"yellow","bold":true}]}, "model": {"type": "minecraft:model", "model": "slimefun/9_magical_armor/glowstone_leggings"}},
		{"when": {"text":"","extra":[{"text":"Rainbow Leggings","obfuscated":false,"italic":false,"underlined":false,"strikethrough":false,"color":"light_purple","bold":true}]}, "model": {"type": "minecraft:model", "model": "slimefun/9_magical_armor/rainbow_leggings"}},
		{"when": {"text":"","extra":[{"text":"Cactus Leggings","obfuscated":false,"italic":false,"underlined":false,"strikethrough":false,"color":"dark_green","bold":false}]}, "model": {"type": "minecraft:model", "model": "slimefun/12_armor/cactus_leggings"}},
		{"when": {"text":"","extra":[{"text":"Hazmat Suit Leggings","obfuscated":false,"italic":false,"underlined":false,"strikethrough":false,"color":"red","bold":false}]}, "model": {"type": "minecraft:model", "model": "slimefun/12_armor/hazmat_leggings"}}
	],


	"fallback": {"type": "minecraft:select","property": "minecraft:trim_material",
          "cases": [
            {"when": "minecraft:quartz","model": {"type": "minecraft:model","model": "minecraft:item/leather_leggings_quartz_trim", "tints": [{"type": "minecraft:dye","default": -6265536}]}},
            {"when": "minecraft:iron","model": {"type": "minecraft:model","model": "minecraft:item/leather_leggings_iron_trim", "tints": [{"type": "minecraft:dye","default": -6265536}]}},
            {"when": "minecraft:netherite","model": {"type": "minecraft:model","model": "minecraft:item/leather_leggings_netherite_trim", "tints": [{"type": "minecraft:dye","default": -6265536}]}},
            {"when": "minecraft:redstone","model": {"type": "minecraft:model","model": "minecraft:item/leather_leggings_redstone_trim", "tints": [{"type": "minecraft:dye","default": -6265536}]}},
            {"when": "minecraft:copper","model": {"type": "minecraft:model","model": "minecraft:item/leather_leggings_copper_trim", "tints": [{"type": "minecraft:dye","default": -6265536}]}},
            {"when": "minecraft:gold","model": {"type": "minecraft:model","model": "minecraft:item/leather_leggings_gold_trim", "tints": [{"type": "minecraft:dye","default": -6265536}]}},
            {"when": "minecraft:emerald","model": {"type": "minecraft:model","model": "minecraft:item/leather_leggings_emerald_trim", "tints": [{"type": "minecraft:dye","default": -6265536}]}},
            {"when": "minecraft:diamond","model": {"type": "minecraft:model","model": "minecraft:item/leather_leggings_diamond_trim", "tints": [{"type": "minecraft:dye","default": -6265536}]}},
            {"when": "minecraft:lapis","model": {"type": "minecraft:model","model": "minecraft:item/leather_leggings_lapis_trim", "tints": [{"type": "minecraft:dye","default": -6265536}]}},
            {"when": "minecraft:amethyst","model": {"type": "minecraft:model","model": "minecraft:item/leather_leggings_amethyst_trim", "tints": [{"type": "minecraft:dye","default": -6265536}]}},
            {"when": "minecraft:resin","model": {"type": "minecraft:model","model": "minecraft:item/leather_leggings_resin_trim", "tints": [{"type": "minecraft:dye","default": -6265536}]}}
			],
		"fallback": {"type": "minecraft:model","model": "minecraft:item/leather_leggings", "tints": [{"type": "minecraft:dye","default": -6265536}]}}}}
    ]
  },
  "oversized_in_gui": true
}