{
	"model": {
	"type": "minecraft:range_dispatch",
	"property": "minecraft:custom_model_data",
	"index": 0,
	"fallback": {
		"type": "minecraft:model",
		"model": "minecraft:item/light_blue_stained_glass_pane"},


	"entries": [
	{"threshold": 0, "model": {"type": "minecraft:select", "property": "minecraft:component", "component": "minecraft:custom_name",
	"cases": [
		{"when": {"text":"","extra":[{"text":" "}]}, "model": {"type": "minecraft:model", "model": "slimefun/0_ui/ui_background_blue"}},
		{"when": {"text":"","extra":[{"text":"Input","obfuscated":false,"italic":false,"underlined":false,"strikethrough":false,"color":"blue","bold":false}]}, "model": {"type": "minecraft:model", "model": "slimefun/0_ui/ui_background_blue"}}

	],


	"fallback": {"type": "minecraft:model","model": "minecraft:item/light_blue_stained_glass_pane"}}}
    ]
  },
  "oversized_in_gui": true
}