{
	"model": {
	"type": "minecraft:range_dispatch",
	"property": "minecraft:custom_model_data",
	"index": 0,
	"fallback": {
		"type": "minecraft:model",
		"model": "minecraft:item/light_blue_stained_glass"},


	"entries": [
	{"threshold": 0, "model": {"type": "minecraft:select", "property": "minecraft:component", "component": "minecraft:custom_name",
	"cases": [
		{"when": {"text":"","extra":[{"text":"Freezer","obfuscated":false,"italic":false,"underlined":false,"strikethrough":false,"color":"aqua","bold":false}]}, "model": {"type": "minecraft:model", "model": "slimefun/28_energy_and_electricity/freezer"}},
		{"when": {"text":"","extra":[{"text":"Freezer ","obfuscated":false,"italic":false,"underlined":false,"strikethrough":false,"color":"aqua","bold":false},{"text":"(","italic":false,"color":"gray"},{"text":"II","italic":false,"color":"yellow"},{"text":")","italic":false,"color":"gray"}]}, "model": {"type": "minecraft:model", "model": "slimefun/28_energy_and_electricity/freezer_2"}},
		{"when": {"text":"","extra":[{"text":"Freezer ","obfuscated":false,"italic":false,"underlined":false,"strikethrough":false,"color":"aqua","bold":false},{"text":"(","italic":false,"color":"gray"},{"text":"III","italic":false,"color":"yellow"},{"text":")","italic":false,"color":"gray"}]}, "model": {"type": "minecraft:model", "model": "slimefun/28_energy_and_electricity/freezer_3"}}
	],


	"fallback": {"type": "minecraft:model","model": "minecraft:item/light_blue_stained_glass"}}}
    ]
  },
  "oversized_in_gui": true
}