{
	"model": {
	"type": "minecraft:range_dispatch",
	"property": "minecraft:custom_model_data",
	"index": 0,
	"fallback": {
		"type": "minecraft:model",
		"model": "minecraft:item/lime_stained_glass_pane"},


	"entries": [
	{"threshold": 0, "model": {"type": "minecraft:select", "property": "minecraft:component", "component": "minecraft:custom_name",
	"cases": [
		{"when": {"text":"","extra":[{"text":" "}]}, "model": {"type": "minecraft:model", "model": "slimefun/0_ui/ui_background_lime_green"}},
		{"when": {"text":"","extra":[{"text":"Preview","obfuscated":false,"italic":false,"underlined":false,"strikethrough":false,"color":"green","bold":false}]}, "model": {"type": "minecraft:model", "model": "slimefun/0_ui/ui_background_lime_green"}},
		{"when": {"text":"","extra":[{"text":"Cast/Die","obfuscated":false,"italic":false,"underlined":false,"strikethrough":false,"color":"green","bold":false}]}, "model": {"type": "minecraft:model", "model": "slimefun/0_ui/ui_background_lime_green"}},
		{"when": {"text":"","extra":[{"text":"Click To Craft!","obfuscated":false,"italic":false,"underlined":false,"strikethrough":false,"color":"green","bold":false}]}, "model": {"type": "minecraft:model", "model": "slimefun/0_ui/ui_background_lime_green"}},
		{"when": {"text":"","extra":[{"text":"Generating...","obfuscated":false,"italic":false,"underlined":false,"strikethrough":false,"color":"green","bold":false}]}, "model": {"type": "minecraft:model", "model": "slimefun/0_ui/ui_background_lime_green"}},
		{"when": {"text":"","extra":[{"text":"\u21e6 Previous page","obfuscated":false,"italic":false,"underlined":false,"strikethrough":false,"color":"white","bold":false}]}, "model": {"type": "minecraft:model", "model": "slimefun/0_ui/ui_previous_active"}},
		{"when": {"text":"","extra":[{"text":"Next page \u21e8","obfuscated":false,"italic":false,"underlined":false,"strikethrough":false,"color":"white","bold":false}]}, "model": {"type": "minecraft:model", "model": "slimefun/0_ui/ui_next_active"}}
	],


	"fallback": {"type": "minecraft:model","model": "minecraft:item/lime_stained_glass_pane"}}}
    ]
  },
  "oversized_in_gui": true
}