{
	"model": {
	"type": "minecraft:range_dispatch",
	"property": "minecraft:custom_model_data",
	"index": 0,
	"fallback": {
		"type": "minecraft:model",
		"model": "minecraft:item/lime_terracotta"},


	"entries": [
	{"threshold": 0, "model": {"type": "minecraft:select", "property": "minecraft:component", "component": "minecraft:custom_name",
	"cases": [
		{"when": {"text":"","extra":[{"text":"Bio Reactor","obfuscated":false,"italic":false,"underlined":false,"strikethrough":false,"color":"dark_green","bold":false}]}, "model": {"type": "minecraft:model", "model": "slimefun/28_energy_and_electricity/bio_reactor"}},
		{"when": {"text":"","extra":[{"text":"Crop Growth Accelerator","obfuscated":false,"italic":false,"underlined":false,"strikethrough":false,"color":"green","bold":false}]}, "model": {"type": "minecraft:model", "model": "slimefun/28_energy_and_electricity/crop_growth_accel"}},
		{"when": {"text":"","extra":[{"text":"Crop Growth Accelerator ","obfuscated":false,"italic":false,"underlined":false,"strikethrough":false,"color":"green","bold":false},{"text":"(","italic":false,"color":"gray"},{"text":"II","italic":false,"color":"yellow"},{"text":")","italic":false,"color":"gray"}]}, "model": {"type": "minecraft:model", "model": "slimefun/28_energy_and_electricity/crop_growth_accel_2"}}
	],


	"fallback": {"type": "minecraft:model","model": "minecraft:item/lime_terracotta"}}}
    ]
  },
  "oversized_in_gui": true
}