{
	"model": {
	"type": "minecraft:range_dispatch",
	"property": "minecraft:custom_model_data",
	"index": 0,
	"fallback": {
		"type": "minecraft:model",
		"model": "minecraft:item/loom"},


	"entries": [
	{"threshold": 0, "model": {"type": "minecraft:select", "property": "minecraft:component", "component": "minecraft:custom_name",
	"cases": [
		{"when": {"text":"","extra":[{"text":"Tinker's Swapping Station","obfuscated":false,"italic":false,"underlined":false,"strikethrough":false,"color":"#3295A8","bold":false}]}, "model": {"type": "minecraft:model", "model": "slimefun/23_slime_tinker/workstations/tinkers_swapping_station"}}
	],


	"fallback": {"type": "minecraft:model","model": "minecraft:item/loom"}}}
    ]
  },
  "oversized_in_gui": true
}