{
	"model": {
	"type": "minecraft:range_dispatch",
	"property": "minecraft:custom_model_data",
	"index": 0,
	"fallback": {
		"type": "minecraft:model",
		"model": "minecraft:item/name_tag"},


	"entries": [
	{"threshold": 0, "model": {"type": "minecraft:select", "property": "minecraft:component", "component": "minecraft:custom_name",
	"cases": [
		{"when": {"text":"","extra":[{"text":"Search...","obfuscated":false,"italic":false,"underlined":false,"strikethrough":false,"color":"gray","bold":false}]}, "model": {"type": "minecraft:model", "model": "slimefun/0_ui/ui_search"}},
		{"when": {"text":"","extra":[{"text":"Remote Controller","obfuscated":false,"italic":false,"underlined":false,"strikethrough":false,"color":"red","bold":false}]}, "model": {"type": "minecraft:model", "model": "slimefun/27_foxy_machines/remote_controller"}}
	],


	"fallback": {"type": "minecraft:model","model": "minecraft:item/name_tag"}}}
    ]
  },
  "oversized_in_gui": true
}