{
	"model": {
	"type": "minecraft:range_dispatch",
	"property": "minecraft:custom_model_data",
	"index": 0,
	"fallback": {
		"type": "minecraft:model",
		"model": "minecraft:item/netherite_ingot"},


	"entries": [
	{"threshold": 0, "model": {"type": "minecraft:select", "property": "minecraft:component", "component": "minecraft:custom_name",
	"cases": [
		{"when": {"text":"","extra":[{"text":"Tungsten Ingot","obfuscated":false,"italic":false,"underlined":false,"strikethrough":false,"color":"aqua","bold":false}]}, "model": {"type": "minecraft:model", "model": "slimefun/24_galactifun/components/tungsten_ingot"}},
		{"when": {"text":"","extra":[{"text":"Void Ingot","obfuscated":false,"italic":false,"underlined":false,"strikethrough":false,"color":"dark_gray","bold":false}]}, "model": {"type": "minecraft:model", "model": "slimefun/29_infinity_expansion/materials/void_ingot"}},
		{"when": {"text":"","extra":[{"text":"Aquatic Netherite Ingot","obfuscated":false,"italic":false,"underlined":false,"strikethrough":false,"color":"aqua","bold":false}]}, "model": {"type": "minecraft:model", "model": "slimefun/27_foxy_machines/aquatic_netherite_ingot"}}
	],


	"fallback": {"type": "minecraft:model","model": "minecraft:item/netherite_ingot"}}}
    ]
  },
  "oversized_in_gui": true
}