{
	"model": {
	"type": "minecraft:range_dispatch",
	"property": "minecraft:custom_model_data",
	"index": 0,
	"fallback": {
		"type": "minecraft:model",
		"model": "minecraft:item/nether_wart"},


	"entries": [
	{"threshold": 0, "model": {"type": "minecraft:select", "property": "minecraft:component", "component": "minecraft:custom_name",
	"cases": [
		{"when": {"text":"","extra":[{"text":"Vitamins","obfuscated":false,"italic":false,"underlined":false,"strikethrough":false,"color":"red","bold":false}]}, "model": {"type": "minecraft:model", "model": "slimefun/2_useful_items/vitamins"}},
		{"when": {"text":"","extra":[{"text":"Magical Zombie Pills","obfuscated":false,"italic":false,"underlined":false,"strikethrough":false,"color":"gold","bold":false}]}, "model": {"type": "minecraft:model", "model": "slimefun/15_magical_gadgets/magical_zombie_pills"}}
	],


	"fallback": {"type": "minecraft:model","model": "minecraft:item/nether_wart"}}}
    ]
  },
  "oversized_in_gui": true
}