{
	"model": {
	"type": "minecraft:range_dispatch",
	"property": "minecraft:custom_model_data",
	"index": 0,
	"fallback": {
		"type": "minecraft:model",
		"model": "minecraft:item/netherite_sword"},


	"entries": [
	{"threshold": 0, "model": {"type": "minecraft:select", "property": "minecraft:component", "component": "minecraft:custom_name",
	"cases": [
		{"when": {"text":"","extra":[{"text":"Cursed Sword","obfuscated":false,"italic":false,"underlined":false,"strikethrough":false,"color":"red","bold":false}]}, "model": {"type": "minecraft:model", "model": "slimefun/27_foxy_machines/cursed_sword"}},
		{"when": {"text":"","extra":[{"text":"Celestial Sword","obfuscated":false,"italic":false,"underlined":false,"strikethrough":false,"color":"yellow","bold":false}]}, "model": {"type": "minecraft:model", "model": "slimefun/27_foxy_machines/celestial_sword"}},
		{"when": {"text":"","extra":[{"text":"Elucidator","obfuscated":false,"italic":false,"underlined":false,"strikethrough":false,"color":"aqua","bold":false}]}, "model": {"type": "minecraft:model", "model": "slimefun/27_foxy_machines/elucidator"}}
	],


	"fallback": {"type": "minecraft:model","model": "minecraft:item/netherite_sword"}}}
    ]
  },
  "oversized_in_gui": true
}