{
	"model": {
	"type": "minecraft:range_dispatch",
	"property": "minecraft:custom_model_data",
	"index": 0,
	"fallback": {
		"type": "minecraft:model",
		"model": "minecraft:block/obsidian"},


	"entries": [
	{"threshold": 0, "model": {"type": "minecraft:select", "property": "minecraft:component", "component": "minecraft:custom_name",
	"cases": [
		{"when": {"text":"","extra":[{"text":"Earth Orbit"}]}, "model": {"type": "minecraft:model", "model": "slimefun/24_galactifun/universe/earth_orbit"}},
		{"when": {"text":"","extra":[{"text":"Wither-Proof Obsidian","obfuscated":false,"italic":false,"underlined":false,"strikethrough":false,"color":"dark_purple","bold":false}]}, "model": {"type": "minecraft:model", "model": "slimefun/10_technical_components/wither_proof_obsidian"}},
		{"when": {"text":"","extra":[{"text":"Wither Assembler","obfuscated":false,"italic":false,"underlined":false,"strikethrough":false,"color":"dark_purple","bold":false}]}, "model": {"type": "minecraft:model", "model": "slimefun/28_energy_and_electricity/wither_assembler"}},
		{"when": {"text":"","extra":[{"text":"Reinforced Plate","obfuscated":false,"italic":false,"underlined":false,"strikethrough":false,"color":"#BF307F","bold":false}]}, "model": {"type": "minecraft:model", "model": "slimefun/23_slime_tinker/materials/reinforced_plate_mod"}}
	],


	"fallback": {"type": "minecraft:model","model": "minecraft:block/obsidian"}}}
    ]
  },
  "oversized_in_gui": true
}