{
	"model": {
	"type": "minecraft:range_dispatch",
	"property": "minecraft:custom_model_data",
	"index": 0,
	"fallback": {
		"type": "minecraft:model",
		"model": "minecraft:item/orange_stained_glass_pane"},


	"entries": [
	{"threshold": 0, "model": {"type": "minecraft:select", "property": "minecraft:component", "component": "minecraft:custom_name",
	"cases": [
		{"when": {"text":"","extra":[{"text":"Rainbow Glass Pane ","obfuscated":false,"italic":false,"underlined":false,"strikethrough":false,"color":"dark_purple","bold":false},{"text":"(Halloween)","italic":false,"color":"gray"}]}, "model": {"type": "minecraft:model", "model": "slimefun/halloween/rainbow_glass_pane_halloween"}},
		{"when": {"text":"","extra":[{"text":" "}]}, "model": {"type": "minecraft:model", "model": "slimefun/0_ui/ui_background_orange"}},
		{"when": {"text":"","extra":[{"text":"Not enough room!","obfuscated":false,"italic":false,"underlined":false,"strikethrough":false,"color":"gold","bold":false}]}, "model": {"type": "minecraft:model", "model": "slimefun/0_ui/ui_background_orange"}},
		{"when": {"text":"","extra":[{"text":"Output","obfuscated":false,"italic":false,"underlined":false,"strikethrough":false,"color":"red","bold":false}]}, "model": {"type": "minecraft:model", "model": "slimefun/0_ui/ui_background_orange"}},
		{"when": {"text":"","extra":[{"text":"Output","obfuscated":false,"italic":false,"underlined":false,"strikethrough":false,"color":"gold","bold":false}]}, "model": {"type": "minecraft:model", "model": "slimefun/0_ui/ui_background_orange"}}

	],


	"fallback": {"type": "minecraft:model","model": "minecraft:item/orange_stained_glass_pane"}}}
    ]
  },
  "oversized_in_gui": true
}