{
  "model": {
    "type": "minecraft:range_dispatch",
    "property": "minecraft:custom_model_data",
    "index": 0,
    "fallback": {
      "type": "minecraft:model",
      "model": "minecraft:item/paper"
    },
    "entries": [
	{"threshold": 0, "model": {"type": "minecraft:select", "property": "minecraft:component", "component": "minecraft:custom_name",
	"cases": [
	  {"when": {"text":"","extra":[{"text":"Rag","obfuscated":false,"italic":false,"underlined":false,"strikethrough":false,"color":"red","bold":false}]}, "model": {"type": "minecraft:model", "model": "slimefun/2_useful_items/rag"}},
	  {"when": {"text":"","extra":[{"text":"Bandage","obfuscated":false,"italic":false,"underlined":false,"strikethrough":false,"color":"red","bold":false}]}, "model": {"type": "minecraft:model", "model": "slimefun/2_useful_items/bandage"}},
	  {"when": {"text":"","extra":[{"text":"Magical Book Cover","obfuscated":false,"italic":false,"underlined":false,"strikethrough":false,"color":"gold","bold":false}]}, "model": {"type": "minecraft:model", "model": "slimefun/8_magical_items/magical_book_cover"}},
	  {"when": {"text":"","extra":[{"text":"Reinforced Cloth","obfuscated":false,"italic":false,"underlined":false,"strikethrough":false,"color":"aqua","bold":false}]}, "model": {"type": "minecraft:model", "model": "slimefun/10_technical_components/reinforced_cloth"}},
	  {"when": {"text":"","extra":[{"text":"Plastic Sheet","obfuscated":false,"italic":false,"underlined":false,"strikethrough":false,"color":"white","bold":false}]}, "model": {"type": "minecraft:model", "model": "slimefun/10_technical_components/plastic_sheet"}},
	  {"when": {"text":"","extra":[{"text":"Steel Plate","obfuscated":false,"italic":false,"underlined":false,"strikethrough":false,"color":"gray","bold":true}]}, "model": {"type": "minecraft:model", "model": "slimefun/11_misc_items/steel_plate"}},
	  {"when": {"text":"","extra":[{"text":"Cloth","obfuscated":false,"italic":false,"underlined":false,"strikethrough":false,"color":"aqua","bold":false}]}, "model": {"type": "minecraft:model", "model": "slimefun/11_misc_items/cloth"}},
	  {"when": {"text":"","extra":[{"text":"Reinforced Plate","obfuscated":false,"italic":false,"underlined":false,"strikethrough":false,"color":"gray","bold":false}]}, "model": {"type": "minecraft:model", "model": "slimefun/11_misc_items/reinforced_plate"}},
	  {"when": {"text":"","extra":[{"text":"Scroll of Dimensional Teleposition","obfuscated":false,"italic":false,"underlined":false,"strikethrough":false,"color":"gold","bold":false}]}, "model": {"type": "minecraft:model", "model": "slimefun/15_magical_gadgets/scroll_of_dimensional_teleposition"}},
	  {"when": {"text":"","extra":[{"text":"Aluminum Composite Sheet","obfuscated":false,"italic":false,"underlined":false,"strikethrough":false,"color":"white","bold":false}]}, "model": {"type": "minecraft:model", "model": "slimefun/24_galactifun/components/aluminum_composite_sheet"}},
	  {"when": {"text":"","extra":[{"text":"Heavy Duty Sheet","obfuscated":false,"italic":false,"underlined":false,"strikethrough":false,"color":"white","bold":false}]}, "model": {"type": "minecraft:model", "model": "slimefun/24_galactifun/components/heavy_duty_sheet"}},
	  {"when": {"text":"","extra":[{"text":"Space Grade Plate","obfuscated":false,"italic":false,"underlined":false,"strikethrough":false,"color":"white","bold":false}]}, "model": {"type": "minecraft:model", "model": "slimefun/24_galactifun/components/space_grade_plate"}},
	  {"when": {"text":"","extra":[{"text":"Ultra Duty Sheet","obfuscated":false,"italic":false,"underlined":false,"strikethrough":false,"color":"white","bold":false}]}, "model": {"type": "minecraft:model", "model": "slimefun/24_galactifun/components/ultra_duty_sheet"}},
	  {"when": {"text":"","extra":[{"text":"Gold Foil","obfuscated":false,"italic":false,"underlined":false,"strikethrough":false,"color":"gold","bold":false}]}, "model": {"type": "minecraft:model", "model": "slimefun/24_galactifun/components/gold_foil"}},
	  {"when": {"text":"","extra":[{"text":"Filter","obfuscated":false,"italic":false,"underlined":false,"strikethrough":false,"color":"white","bold":false}]}, "model": {"type": "minecraft:model", "model": "slimefun/24_galactifun/components/air_filter"}},
	  {"when": {"text":"","extra":[{"text":"Machine Plate","obfuscated":false,"italic":false,"underlined":false,"strikethrough":false,"color":"white","bold":false}]}, "model": {"type": "minecraft:model", "model": "slimefun/29_infinity_expansion/materials/machine_plate"}},
	  {"when": {"text":"","extra":[{"text":"Raw Plastic","obfuscated":false,"italic":false,"underlined":false,"strikethrough":false,"bold":false}]}, "model": {"type": "minecraft:model", "model": "slimefun/21_slimy_treetaps/raw_plastic"}},
	  {"when": {"text":"","extra":[{"text":"Infinity Bandage","obfuscated":false,"italic":false,"underlined":false,"strikethrough":false,"color":"red","bold":false}]}, "model": {"type": "minecraft:model", "model": "slimefun/22_flower_power/infinity_bandage"}},
	  
	  
	  
	  {"when": "Enhanced Crafting Table", "model": {"type": "minecraft:model", "model": "slimefun/3_basic_machines/overlays/enhanced_crafting_table_overlay"}},
	  {"when": "Grind Stone", "model": {"type": "minecraft:model", "model": "slimefun/3_basic_machines/overlays/grind_stone_overlay"}},
	  {"when": "Armor Forge", "model": {"type": "minecraft:model", "model": "slimefun/3_basic_machines/overlays/armor_forge_overlay"}},
	  {"when": "Ore Crusher", "model": {"type": "minecraft:model", "model": "slimefun/3_basic_machines/overlays/ore_crusher_overlay"}},
	  {"when": "Compressor", "model": {"type": "minecraft:model", "model": "slimefun/3_basic_machines/overlays/compressor_overlay"}},
	  {"when": "Makeshift Smeltery", "model": {"type": "minecraft:model", "model": "slimefun/3_basic_machines/overlays/makeshift_smeltery_overlay"}},
	  {"when": "Smeltery", "model": {"type": "minecraft:model", "model": "slimefun/3_basic_machines/overlays/smeltery_overlay"}},
	  {"when": "Automatic Ignition Chamber", "model": {"type": "minecraft:model", "model": "slimefun/3_basic_machines/overlays/ignition_chamber_overlay"}},
	  {"when": "Pressure Chamber", "model": {"type": "minecraft:model", "model": "slimefun/3_basic_machines/overlays/pressure_chamber_overlay"}},
	  {"when": "Magic Workbench", "model": {"type": "minecraft:model", "model": "slimefun/3_basic_machines/overlays/magic_workbench_overlay"}},
	  {"when": "Ore Washer", "model": {"type": "minecraft:model", "model": "slimefun/3_basic_machines/overlays/ore_washer_overlay"}},
	  {"when": "Table Saw", "model": {"type": "minecraft:model", "model": "slimefun/3_basic_machines/overlays/table_saw_overlay"}},
	  {"when": "Composter", "model": {"type": "minecraft:model", "model": "slimefun/3_basic_machines/overlays/composter_overlay"}},
	  {"when": "Industrial Miner", "model": {"type": "minecraft:model", "model": "slimefun/3_basic_machines/overlays/industrial_miner_overlay"}},
	  {"when": "Advanced Industrial Miner", "model": {"type": "minecraft:model", "model": "slimefun/3_basic_machines/overlays/advanced_industrial_miner_overlay"}},
	  {"when": "Automated Panning Machine", "model": {"type": "minecraft:model", "model": "slimefun/3_basic_machines/overlays/automated_panning_machine_overlay"}},
	  {"when": "Crucible", "model": {"type": "minecraft:model", "model": "slimefun/3_basic_machines/overlays/crucible_overlay"}},
	  {"when": "Juicer", "model": {"type": "minecraft:model", "model": "slimefun/3_basic_machines/overlays/juicer_overlay"}},
	  {"when": "Enhanced Furnace", "model": {"type": "minecraft:model", "model": "slimefun/3_basic_machines/overlays/enhanced_furnace_overlay"}},
	  {"when": "Enhanced Furnace - II", "model": {"type": "minecraft:model", "model": "slimefun/3_basic_machines/overlays/enhanced_furnace_2_overlay"}},
	  {"when": "Enhanced Furnace - III", "model": {"type": "minecraft:model", "model": "slimefun/3_basic_machines/overlays/enhanced_furnace_3_overlay"}},
	  {"when": "Enhanced Furnace - IV", "model": {"type": "minecraft:model", "model": "slimefun/3_basic_machines/overlays/enhanced_furnace_4_overlay"}},
	  {"when": "Enhanced Furnace - V", "model": {"type": "minecraft:model", "model": "slimefun/3_basic_machines/overlays/enhanced_furnace_5_overlay"}},
	  {"when": "Enhanced Furnace - VI", "model": {"type": "minecraft:model", "model": "slimefun/3_basic_machines/overlays/enhanced_furnace_6_overlay"}},
	  {"when": "Enhanced Furnace - VII", "model": {"type": "minecraft:model", "model": "slimefun/3_basic_machines/overlays/enhanced_furnace_7_overlay"}},
	  {"when": "Enhanced Furnace - VIII", "model": {"type": "minecraft:model", "model": "slimefun/3_basic_machines/overlays/enhanced_furnace_8_overlay"}},
	  {"when": "Enhanced Furnace - IX", "model": {"type": "minecraft:model", "model": "slimefun/3_basic_machines/overlays/enhanced_furnace_9_overlay"}},
	  {"when": "Enhanced Furnace - X", "model": {"type": "minecraft:model", "model": "slimefun/3_basic_machines/overlays/enhanced_furnace_10_overlay"}},
	  {"when": "Enhanced Furnace - XI", "model": {"type": "minecraft:model", "model": "slimefun/3_basic_machines/overlays/enhanced_furnace_11_overlay"}},
	  {"when": "Reinforced Furnace", "model": {"type": "minecraft:model", "model": "slimefun/3_basic_machines/overlays/reinforced_furnace_overlay"}},
	  {"when": "Carbonado Edged Furnace", "model": {"type": "minecraft:model", "model": "slimefun/3_basic_machines/overlays/carbonado_furnace_overlay"}},
	  {"when": "Block Placer", "model": {"type": "minecraft:model", "model": "slimefun/3_basic_machines/overlays/block_placer_overlay"}},
	  
	  {"when": "Infused Hopper", "model": {"type": "minecraft:model", "model": "slimefun/15_magical_gadgets/overlays/infused_hopper_overlay"}},
	  {"when": "Ancient Altar", "model": {"type": "minecraft:model", "model": "slimefun/15_magical_gadgets/overlays/ancient_altar_overlay"}},
	  {"when": "Ancient Pedestal", "model": {"type": "minecraft:model", "model": "slimefun/15_magical_gadgets/overlays/ancient_pedestal_overlay"}},
	  
	  {"when": "Rubber Factory", "model": {"type": "minecraft:model", "model": "slimefun/21_slimy_treetaps/overlays/rubber_factory_overlay"}},
	  {"when": "Resin Extractor", "model": {"type": "minecraft:model", "model": "slimefun/21_slimy_treetaps/overlays/resin_extractor_overlay"}},
	  {"when": "Resin Extractor (II)", "model": {"type": "minecraft:model", "model": "slimefun/21_slimy_treetaps/overlays/resin_extractor_2_overlay"}},
	  
	  {"when": "Tinker's Workbench", "model": {"type": "minecraft:model", "model": "slimefun/23_slime_tinker/overlays/tinker_workbench_overlay"}},
	  {"when": "Tinker's Smeltery", "model": {"type": "minecraft:model", "model": "slimefun/23_slime_tinker/overlays/tinker_smeltery_overlay"}},
	  {"when": "Tinker's Tool Table", "model": {"type": "minecraft:model", "model": "slimefun/23_slime_tinker/overlays/tinker_tool_table_overlay"}},
	  {"when": "Tinker's Armour Table", "model": {"type": "minecraft:model", "model": "slimefun/23_slime_tinker/overlays/tinker_armour_table_overlay"}},
	  {"when": "Tinker's Repair Bench", "model": {"type": "minecraft:model", "model": "slimefun/23_slime_tinker/overlays/tinker_repair_bench_overlay"}},
	  {"when": "Tinker's Swapping Station", "model": {"type": "minecraft:model", "model": "slimefun/23_slime_tinker/overlays/tinker_swapping_station_overlay"}},
	  {"when": "Tinker's Modification Station", "model": {"type": "minecraft:model", "model": "slimefun/23_slime_tinker/overlays/tinker_modification_station_overlay"}},
	  
	  {"when": "Super Fan", "model": {"type": "minecraft:model", "model": "slimefun/24_galactifun/overlays/super_fan_overlay"}},
	  {"when": "Ender Block", "model": {"type": "minecraft:model", "model": "slimefun/24_galactifun/overlays/ender_block_overlay"}},
	  {"when": "Stargate Ring", "model": {"type": "minecraft:model", "model": "slimefun/24_galactifun/overlays/stargate_ring_overlay"}},
	  {"when": "Stargate Controller", "model": {"type": "minecraft:model", "model": "slimefun/24_galactifun/overlays/stargate_controller_overlay"}},
	  {"when": "Oxygen Filler", "model": {"type": "minecraft:model", "model": "slimefun/24_galactifun/overlays/oxygen_filler_overlay"}},
	  {"when": "Space Suit Upgrader", "model": {"type": "minecraft:model", "model": "slimefun/24_galactifun/overlays/space_suit_upgrader_overlay"}},
	  {"when": "Circuit Press", "model": {"type": "minecraft:model", "model": "slimefun/24_galactifun/overlays/circuit_press_overlay"}},
	  {"when": "Assembly Table", "model": {"type": "minecraft:model", "model": "slimefun/24_galactifun/overlays/assembly_table_overlay"}},
	  {"when": "Cooling Unit I", "model": {"type": "minecraft:model", "model": "slimefun/24_galactifun/overlays/cooling_unit_overlay"}},
	  {"when": "Cooling Unit II", "model": {"type": "minecraft:model", "model": "slimefun/24_galactifun/overlays/cooling_unit_2_overlay"}},
	  {"when": "Cooling Unit III", "model": {"type": "minecraft:model", "model": "slimefun/24_galactifun/overlays/cooling_unit_3_overlay"}},
	  {"when": "Space Heater I", "model": {"type": "minecraft:model", "model": "slimefun/24_galactifun/overlays/space_heater_overlay"}},
	  {"when": "Space Heater II", "model": {"type": "minecraft:model", "model": "slimefun/24_galactifun/overlays/space_heater_2_overlay"}},
	  {"when": "Space Heater III", "model": {"type": "minecraft:model", "model": "slimefun/24_galactifun/overlays/space_heater_3_overlay"}},
	  {"when": "Ion Disperser I", "model": {"type": "minecraft:model", "model": "slimefun/24_galactifun/overlays/ion_disperser_overlay"}},
	  {"when": "Ion Disperser II", "model": {"type": "minecraft:model", "model": "slimefun/24_galactifun/overlays/ion_disperser_2_overlay"}},
	  {"when": "Planetary Analyzer", "model": {"type": "minecraft:model", "model": "slimefun/24_galactifun/overlays/planetary_analyzer_overlay"}},
	  {"when": "Diamond Anvil", "model": {"type": "minecraft:model", "model": "slimefun/24_galactifun/overlays/diamond_anvil_overlay"}},
	  {"when": "Oxygen Sealer", "model": {"type": "minecraft:model", "model": "slimefun/24_galactifun/overlays/oxygen_sealer_overlay"}},
	  {"when": "Automatic Door", "model": {"type": "minecraft:model", "model": "slimefun/24_galactifun/overlays/automatic_door_overlay"}},
	  {"when": "Environmental Forcefield Generator", "model": {"type": "minecraft:model", "model": "slimefun/24_galactifun/overlays/efg_overlay"}},
	  {"when": "Chemical Reactor", "model": {"type": "minecraft:model", "model": "slimefun/24_galactifun/overlays/chemical_reactor_overlay"}},
	  {"when": "Electrolyzer", "model": {"type": "minecraft:model", "model": "slimefun/24_galactifun/overlays/electrolyzer_overlay"}},
	  
	  {"when": "Improvement Forge", "model": {"type": "minecraft:model", "model": "slimefun/27_foxy_machines/overlays/improvement_forge_overlay"}},
	  {"when": "Potion Mixer", "model": {"type": "minecraft:model", "model": "slimefun/27_foxy_machines/overlays/potion_mixer_overlay"}},
	  {"when": "Electric Gold Refinery", "model": {"type": "minecraft:model", "model": "slimefun/27_foxy_machines/overlays/electric_gold_refinery_overlay"}},
	  {"when": "Chunk Loader", "model": {"type": "minecraft:model", "model": "slimefun/27_foxy_machines/overlays/chunk_loader_overlay"}},
	  {"when": "Forcefield Dome", "model": {"type": "minecraft:model", "model": "slimefun/27_foxy_machines/overlays/forcefield_dome_overlay"}},
	  
	  {"when": "Solar Generator", "model": {"type": "minecraft:model", "model": "slimefun/28_energy_and_electricity/overlays/solar_generator_overlay"}},
	  {"when": "Advanced Solar Generator", "model": {"type": "minecraft:model", "model": "slimefun/28_energy_and_electricity/overlays/solar_generator_advanced_overlay"}},
	  {"when": "Carbonado Solar Generator", "model": {"type": "minecraft:model", "model": "slimefun/28_energy_and_electricity/overlays/solar_generator_carbonado_overlay"}},
	  {"when": "Energized Solar Generator", "model": {"type": "minecraft:model", "model": "slimefun/28_energy_and_electricity/overlays/solar_generator_energized_overlay"}},
	  {"when": "Charging Bench", "model": {"type": "minecraft:model", "model": "slimefun/28_energy_and_electricity/overlays/charging_bench_overlay"}},
	  {"when": "Electric Furnace", "model": {"type": "minecraft:model", "model": "slimefun/28_energy_and_electricity/overlays/electric_furnace_overlay"}},
	  {"when": "Electric Furnace - II", "model": {"type": "minecraft:model", "model": "slimefun/28_energy_and_electricity/overlays/electric_furnace_2_overlay"}},
	  {"when": "Electric Furnace - III", "model": {"type": "minecraft:model", "model": "slimefun/28_energy_and_electricity/overlays/electric_furnace_3_overlay"}},
	  {"when": "Electric Gold Pan", "model": {"type": "minecraft:model", "model": "slimefun/28_energy_and_electricity/overlays/electric_gold_pan_overlay"}},
	  {"when": "Electric Gold Pan (II)", "model": {"type": "minecraft:model", "model": "slimefun/28_energy_and_electricity/overlays/electric_gold_pan_2_overlay"}},
	  {"when": "Electric Gold Pan (III)", "model": {"type": "minecraft:model", "model": "slimefun/28_energy_and_electricity/overlays/electric_gold_pan_3_overlay"}},
	  {"when": "Electric Dust Washer", "model": {"type": "minecraft:model", "model": "slimefun/28_energy_and_electricity/overlays/electric_dust_washer_overlay"}},
	  {"when": "Electric Dust Washer (II)", "model": {"type": "minecraft:model", "model": "slimefun/28_energy_and_electricity/overlays/electric_dust_washer_2_overlay"}},
	  {"when": "Electric Dust Washer (III)", "model": {"type": "minecraft:model", "model": "slimefun/28_energy_and_electricity/overlays/electric_dust_washer_3_overlay"}},
	  {"when": "Electric Ingot Factory", "model": {"type": "minecraft:model", "model": "slimefun/28_energy_and_electricity/overlays/electric_ingot_factory_overlay"}},
	  {"when": "Electric Ingot Factory (II)", "model": {"type": "minecraft:model", "model": "slimefun/28_energy_and_electricity/overlays/electric_ingot_factory_2_overlay"}},
	  {"when": "Electric Ingot Factory (III)", "model": {"type": "minecraft:model", "model": "slimefun/28_energy_and_electricity/overlays/electric_ingot_factory_3_overlay"}},
	  {"when": "Electrified Crucible", "model": {"type": "minecraft:model", "model": "slimefun/28_energy_and_electricity/overlays/electric_crucible_overlay"}},
	  {"when": "Electrified Crucible - II", "model": {"type": "minecraft:model", "model": "slimefun/28_energy_and_electricity/overlays/electric_crucible_2_overlay"}},
	  {"when": "Electrified Crucible - III", "model": {"type": "minecraft:model", "model": "slimefun/28_energy_and_electricity/overlays/electric_crucible_3_overlay"}},
	  {"when": "Electric Ore Grinder", "model": {"type": "minecraft:model", "model": "slimefun/28_energy_and_electricity/overlays/electric_ore_grinder_overlay"}},
	  {"when": "Electric Ore Grinder (II)", "model": {"type": "minecraft:model", "model": "slimefun/28_energy_and_electricity/overlays/electric_ore_grinder_2_overlay"}},
	  {"when": "Electric Ore Grinder (III)", "model": {"type": "minecraft:model", "model": "slimefun/28_energy_and_electricity/overlays/electric_ore_grinder_3_overlay"}},
	  {"when": "Heated Pressure Chamber", "model": {"type": "minecraft:model", "model": "slimefun/28_energy_and_electricity/overlays/heated_pressure_chamber_overlay"}},
	  {"when": "Heated Pressure Chamber - II", "model": {"type": "minecraft:model", "model": "slimefun/28_energy_and_electricity/overlays/heated_pressure_chamber_2_overlay"}},
	  {"when": "Electric Ingot Pulverizer", "model": {"type": "minecraft:model", "model": "slimefun/28_energy_and_electricity/overlays/electric_ingot_pulverizer_overlay"}},
	  {"when": "Coal Generator", "model": {"type": "minecraft:model", "model": "slimefun/28_energy_and_electricity/overlays/coal_generator_overlay"}},
	  {"when": "Coal Generator (II)", "model": {"type": "minecraft:model", "model": "slimefun/28_energy_and_electricity/overlays/coal_generator_2_overlay"}},
	  {"when": "Bio Reactor", "model": {"type": "minecraft:model", "model": "slimefun/28_energy_and_electricity/overlays/bio_reactor_overlay"}},
	  {"when": "Auto Drier", "model": {"type": "minecraft:model", "model": "slimefun/28_energy_and_electricity/overlays/auto_drier_overlay"}},
	  {"when": "Auto Brewer", "model": {"type": "minecraft:model", "model": "slimefun/28_energy_and_electricity/overlays/auto_brewer_overlay"}},
	  {"when": "Electric Press", "model": {"type": "minecraft:model", "model": "slimefun/28_energy_and_electricity/overlays/electric_press_overlay"}},
	  {"when": "Electric Press - II", "model": {"type": "minecraft:model", "model": "slimefun/28_energy_and_electricity/overlays/electric_press_2_overlay"}},
	  {"when": "Magnesium-powered Generator", "model": {"type": "minecraft:model", "model": "slimefun/28_energy_and_electricity/overlays/magnesium_generator_overlay"}},
	  {"when": "Auto Enchanter", "model": {"type": "minecraft:model", "model": "slimefun/28_energy_and_electricity/overlays/auto_enchanter_overlay"}},
	  {"when": "Auto Enchanter - II", "model": {"type": "minecraft:model", "model": "slimefun/28_energy_and_electricity/overlays/auto_enchanter_2_overlay"}},
	  {"when": "Auto Disenchanter", "model": {"type": "minecraft:model", "model": "slimefun/28_energy_and_electricity/overlays/auto_disenchanter_overlay"}},
	  {"when": "Auto Disenchanter - II", "model": {"type": "minecraft:model", "model": "slimefun/28_energy_and_electricity/overlays/auto_disenchanter_2_overlay"}},
	  {"when": "Auto Anvil", "model": {"type": "minecraft:model", "model": "slimefun/28_energy_and_electricity/overlays/auto_anvil_overlay"}},
	  {"when": "Auto Anvil Mk.II", "model": {"type": "minecraft:model", "model": "slimefun/28_energy_and_electricity/overlays/auto_anvil_2_overlay"}},
	  {"when": "Book Binder", "model": {"type": "minecraft:model", "model": "slimefun/28_energy_and_electricity/overlays/book_binder_overlay"}},
	  {"when": "Refinery", "model": {"type": "minecraft:model", "model": "slimefun/28_energy_and_electricity/overlays/refinery_overlay"}},
	  {"when": "Lava Generator", "model": {"type": "minecraft:model", "model": "slimefun/28_energy_and_electricity/overlays/lava_generator_overlay"}},
	  {"when": "Lava Generator (II)", "model": {"type": "minecraft:model", "model": "slimefun/28_energy_and_electricity/overlays/lava_generator_2_overlay"}},
	  {"when": "Combustion Reactor", "model": {"type": "minecraft:model", "model": "slimefun/28_energy_and_electricity/overlays/combustion_reactor_overlay"}},
	  {"when": "Food Fabricator", "model": {"type": "minecraft:model", "model": "slimefun/28_energy_and_electricity/overlays/food_fabricator_overlay"}},
	  {"when": "Food Fabricator (II)", "model": {"type": "minecraft:model", "model": "slimefun/28_energy_and_electricity/overlays/food_fabricator_2_overlay"}},
	  {"when": "Auto-Breeder", "model": {"type": "minecraft:model", "model": "slimefun/28_energy_and_electricity/overlays/auto_breeder_overlay"}},
	  {"when": "Animal Growth Accelerator", "model": {"type": "minecraft:model", "model": "slimefun/28_energy_and_electricity/overlays/animal_growth_accel_overlay"}},
	  {"when": "Tree Growth Accelerator", "model": {"type": "minecraft:model", "model": "slimefun/28_energy_and_electricity/overlays/tree_growth_accel_overlay"}},
	  {"when": "Exp Collector", "model": {"type": "minecraft:model", "model": "slimefun/28_energy_and_electricity/overlays/exp_collector_overlay"}},
	  {"when": "Food Composter", "model": {"type": "minecraft:model", "model": "slimefun/28_energy_and_electricity/overlays/food_composter_overlay"}},
	  {"when": "Food Composter (II)", "model": {"type": "minecraft:model", "model": "slimefun/28_energy_and_electricity/overlays/food_composter_2_overlay"}},
	  {"when": "Crop Growth Accelerator", "model": {"type": "minecraft:model", "model": "slimefun/28_energy_and_electricity/overlays/crop_growth_accel_overlay"}},
	  {"when": "Crop Growth Accelerator (II)", "model": {"type": "minecraft:model", "model": "slimefun/28_energy_and_electricity/overlays/crop_growth_accel_2_overlay"}},
	  {"when": "Freezer", "model": {"type": "minecraft:model", "model": "slimefun/28_energy_and_electricity/overlays/freezer_overlay"}},
	  {"when": "Freezer (II)", "model": {"type": "minecraft:model", "model": "slimefun/28_energy_and_electricity/overlays/freezer_2_overlay"}},
	  {"when": "Freezer (III)", "model": {"type": "minecraft:model", "model": "slimefun/28_energy_and_electricity/overlays/freezer_3_overlay"}},
	  {"when": "Nuclear Reactor", "model": {"type": "minecraft:model", "model": "slimefun/28_energy_and_electricity/overlays/nuclear_reactor_overlay"}},
	  {"when": "Nether Star Reactor", "model": {"type": "minecraft:model", "model": "slimefun/28_energy_and_electricity/overlays/nether_star_reactor_overlay"}},
	  {"when": "Fluid Pump", "model": {"type": "minecraft:model", "model": "slimefun/28_energy_and_electricity/overlays/fluid_pump_overlay"}},
	  {"when": "Carbon Press", "model": {"type": "minecraft:model", "model": "slimefun/28_energy_and_electricity/overlays/carbon_press_overlay"}},
	  {"when": "Carbon Press - II", "model": {"type": "minecraft:model", "model": "slimefun/28_energy_and_electricity/overlays/carbon_press_2_overlay"}},
	  {"when": "Carbon Press - III", "model": {"type": "minecraft:model", "model": "slimefun/28_energy_and_electricity/overlays/carbon_press_3_overlay"}},
	  {"when": "Electric Smeltery", "model": {"type": "minecraft:model", "model": "slimefun/28_energy_and_electricity/overlays/electric_smeltery_overlay"}},
	  {"when": "Electric Smeltery - II", "model": {"type": "minecraft:model", "model": "slimefun/28_energy_and_electricity/overlays/electric_smeltery_2_overlay"}},
	  {"when": "Iron Golem Assembler", "model": {"type": "minecraft:model", "model": "slimefun/28_energy_and_electricity/overlays/iron_golem_assembler_overlay"}},
	  {"when": "Wither Assembler", "model": {"type": "minecraft:model", "model": "slimefun/28_energy_and_electricity/overlays/wither_assembler_overlay"}},
	  {"when": "Produce Collector", "model": {"type": "minecraft:model", "model": "slimefun/28_energy_and_electricity/overlays/produce_collector_overlay"}},
	  
	  {"when": "Advanced Anvil", "model": {"type": "minecraft:model", "model": "slimefun/29_infinity_expansion/overlays/advanced_anvil_overlay"}},
	  {"when": "Infinity Workbench", "model": {"type": "minecraft:model", "model": "slimefun/29_infinity_expansion/overlays/infinity_workbench_overlay"}},
	  {"when": "Basic Cobble Generator", "model": {"type": "minecraft:model", "model": "slimefun/29_infinity_expansion/overlays/basic_cobble_generator_overlay"}},
	  {"when": "Basic Virtual Farm", "model": {"type": "minecraft:model", "model": "slimefun/29_infinity_expansion/overlays/basic_virtual_farm_overlay"}},
	  
	  {"when": "GPS Transmitter", "model": {"type": "minecraft:model", "model": "slimefun/30_gps_based_machines/overlays/gps_transmitter_overlay"}},
	  {"when": "Advanced GPS Transmitter", "model": {"type": "minecraft:model", "model": "slimefun/30_gps_based_machines/overlays/gps_transmitter_advanced_overlay"}},
	  {"when": "Carbonado GPS Transmitter", "model": {"type": "minecraft:model", "model": "slimefun/30_gps_based_machines/overlays/gps_transmitter_carbonado_overlay"}},
	  {"when": "Energized GPS Transmitter", "model": {"type": "minecraft:model", "model": "slimefun/30_gps_based_machines/overlays/gps_transmitter_energized_overlay"}},
	  {"when": "GPS Control Panel", "model": {"type": "minecraft:model", "model": "slimefun/30_gps_based_machines/overlays/gps_control_panel_overlay"}},
	  {"when": "GPS Emergency Transmitter", "model": {"type": "minecraft:model", "model": "slimefun/30_gps_based_machines/overlays/gps_emergency_transmitter_overlay"}},
	  {"when": "GPS Geo-Scanner", "model": {"type": "minecraft:model", "model": "slimefun/30_gps_based_machines/overlays/gps_geo_scanner_overlay"}},
	  {"when": "Oil Pump", "model": {"type": "minecraft:model", "model": "slimefun/30_gps_based_machines/overlays/oil_pump_overlay"}},
	  {"when": "Geo Miner", "model": {"type": "minecraft:model", "model": "slimefun/30_gps_based_machines/overlays/geo_miner_overlay"}},
	  {"when": "GPS Teleporter Matrix", "model": {"type": "minecraft:model", "model": "slimefun/30_gps_based_machines/overlays/gps_teleporter_matrix_overlay"}},
	  {"when": "GPS Activation Device (Shared)", "model": {"type": "minecraft:model", "model": "slimefun/30_gps_based_machines/overlays/gps_activation_device_shared_overlay"}},
	  {"when": "GPS Activation Device (Personal)", "model": {"type": "minecraft:model", "model": "slimefun/30_gps_based_machines/overlays/gps_activation_device_personal_overlay"}},
	  {"when": "Elevator Plate", "model": {"type": "minecraft:model", "model": "slimefun/30_gps_based_machines/overlays/elevator_plate_overlay"}},
	  
	  {"when": "Android Interface (Fuel)", "model": {"type": "minecraft:model", "model": "slimefun/31_androids/overlays/android_interface_fuel_overlay"}},
	  {"when": "Android Interface (Items)", "model": {"type": "minecraft:model", "model": "slimefun/31_androids/overlays/android_interface_items_overlay"}}
	],


	"fallback": {"type": "minecraft:model","model": "minecraft:item/paper"}}},
	
{
        "model": {
          "type": "minecraft:model",
          "model": "minecraft:slimefun/2_useful_items/rag"
        },
        "threshold": 3000202
      },
      {
        "model": {
          "type": "minecraft:model",
          "model": "minecraft:slimefun/2_useful_items/bandage"
        },
        "threshold": 3000203
      },
      {
        "model": {
          "type": "minecraft:model",
          "model": "minecraft:slimefun/8_magical_items/magical_book_cover"
        },
        "threshold": 3000806
      },
      {
        "model": {
          "type": "minecraft:model",
          "model": "minecraft:slimefun/10_technical_components/reinforced_cloth"
        },
        "threshold": 3001006
      },
      {
        "model": {
          "type": "minecraft:model",
          "model": "minecraft:slimefun/10_technical_components/plastic_sheet"
        },
        "threshold": 3001015
      },
      {
        "model": {
          "type": "minecraft:model",
          "model": "minecraft:slimefun/11_misc_items/steel_plate"
        },
        "threshold": 3001102
      },
      {
        "model": {
          "type": "minecraft:model",
          "model": "minecraft:slimefun/11_misc_items/cloth"
        },
        "threshold": 3001115
      },
      {
        "model": {
          "type": "minecraft:model",
          "model": "minecraft:slimefun/11_misc_items/reinforced_plate"
        },
        "threshold": 3001118
      },
      {
        "model": {
          "type": "minecraft:model",
          "model": "minecraft:slimefun/15_magical_gadgets/scroll_of_dimensional_teleposition"
        },
        "threshold": 3001611
      },
      {
        "model": {
          "type": "minecraft:model",
          "model": "minecraft:slimefun/24_galactifun/components/aluminum_composite_sheet"
        },
        "threshold": 3002103
      },
      {
        "model": {
          "type": "minecraft:model",
          "model": "minecraft:slimefun/24_galactifun/components/heavy_duty_sheet"
        },
        "threshold": 3002104
      },
      {
        "model": {
          "type": "minecraft:model",
          "model": "minecraft:slimefun/24_galactifun/components/space_grade_plate"
        },
        "threshold": 3002105
      },
      {
        "model": {
          "type": "minecraft:model",
          "model": "minecraft:slimefun/24_galactifun/components/ultra_duty_sheet"
        },
        "threshold": 3002106
      },
      {
        "model": {
          "type": "minecraft:model",
          "model": "minecraft:slimefun/24_galactifun/components/gold_foil"
        },
        "threshold": 3002107
      },
      {
        "model": {
          "type": "minecraft:model",
          "model": "minecraft:slimefun/24_galactifun/components/air_filter"
        },
        "threshold": 3002111
      },
      {
        "model": {
          "type": "minecraft:model",
          "model": "minecraft:slimefun/29_infinity_expansion/materials/machine_plate"
        },
        "threshold": 3002422
      },
      {
        "model": {
          "type": "minecraft:model",
          "model": "minecraft:slimefun/21_slimy_treetaps/raw_plastic"
        },
        "threshold": 3003308
      },
      {
        "model": {
          "type": "minecraft:model",
          "model": "minecraft:slimefun/22_flower_power/infinity_bandage"
        },
        "threshold": 3004921
      },
      {
        "model": {
          "type": "minecraft:model",
          "model": "minecraft:slimefun/3_basic_machines/overlays/enhanced_crafting_table_overlay"
        },
        "threshold": 5000000
      },
      {
        "model": {
          "type": "minecraft:model",
          "model": "minecraft:slimefun/3_basic_machines/overlays/grind_stone_overlay"
        },
        "threshold": 5000001
      },
      {
        "model": {
          "type": "minecraft:model",
          "model": "minecraft:slimefun/3_basic_machines/overlays/armor_forge_overlay"
        },
        "threshold": 5000002
      },
      {
        "model": {
          "type": "minecraft:model",
          "model": "minecraft:slimefun/3_basic_machines/overlays/ore_crusher_overlay"
        },
        "threshold": 5000003
      },
      {
        "model": {
          "type": "minecraft:model",
          "model": "minecraft:slimefun/3_basic_machines/overlays/compressor_overlay"
        },
        "threshold": 5000004
      },
      {
        "model": {
          "type": "minecraft:model",
          "model": "minecraft:slimefun/3_basic_machines/overlays/makeshift_smeltery_overlay"
        },
        "threshold": 5000005
      },
      {
        "model": {
          "type": "minecraft:model",
          "model": "minecraft:slimefun/3_basic_machines/overlays/smeltery_overlay"
        },
        "threshold": 5000006
      },
      {
        "model": {
          "type": "minecraft:model",
          "model": "minecraft:slimefun/3_basic_machines/overlays/ignition_chamber_overlay"
        },
        "threshold": 5000007
      },
      {
        "model": {
          "type": "minecraft:model",
          "model": "minecraft:slimefun/3_basic_machines/overlays/pressure_chamber_overlay"
        },
        "threshold": 5000008
      },
      {
        "model": {
          "type": "minecraft:model",
          "model": "minecraft:slimefun/3_basic_machines/overlays/magic_workbench_overlay"
        },
        "threshold": 5000009
      },
      {
        "model": {
          "type": "minecraft:model",
          "model": "minecraft:slimefun/3_basic_machines/overlays/ore_washer_overlay"
        },
        "threshold": 5000010
      },
      {
        "model": {
          "type": "minecraft:model",
          "model": "minecraft:slimefun/3_basic_machines/overlays/table_saw_overlay"
        },
        "threshold": 5000011
      },
      {
        "model": {
          "type": "minecraft:model",
          "model": "minecraft:slimefun/3_basic_machines/overlays/composter_overlay"
        },
        "threshold": 5000012
      },
      {
        "model": {
          "type": "minecraft:model",
          "model": "minecraft:slimefun/3_basic_machines/overlays/industrial_miner_overlay"
        },
        "threshold": 5000013
      },
      {
        "model": {
          "type": "minecraft:model",
          "model": "minecraft:slimefun/3_basic_machines/overlays/advanced_industrial_miner_overlay"
        },
        "threshold": 5000014
      },
      {
        "model": {
          "type": "minecraft:model",
          "model": "minecraft:slimefun/3_basic_machines/overlays/automated_panning_machine_overlay"
        },
        "threshold": 5000015
      },
      {
        "model": {
          "type": "minecraft:model",
          "model": "minecraft:slimefun/3_basic_machines/overlays/crucible_overlay"
        },
        "threshold": 5000016
      },
      {
        "model": {
          "type": "minecraft:model",
          "model": "minecraft:slimefun/3_basic_machines/overlays/juicer_overlay"
        },
        "threshold": 5000017
      },
      {
        "model": {
          "type": "minecraft:model",
          "model": "minecraft:slimefun/3_basic_machines/overlays/enhanced_furnace_overlay"
        },
        "threshold": 5000018
      },
      {
        "model": {
          "type": "minecraft:model",
          "model": "minecraft:slimefun/3_basic_machines/overlays/enhanced_furnace_2_overlay"
        },
        "threshold": 5000019
      },
      {
        "model": {
          "type": "minecraft:model",
          "model": "minecraft:slimefun/3_basic_machines/overlays/enhanced_furnace_3_overlay"
        },
        "threshold": 5000020
      },
      {
        "model": {
          "type": "minecraft:model",
          "model": "minecraft:slimefun/3_basic_machines/overlays/enhanced_furnace_4_overlay"
        },
        "threshold": 5000021
      },
      {
        "model": {
          "type": "minecraft:model",
          "model": "minecraft:slimefun/3_basic_machines/overlays/enhanced_furnace_5_overlay"
        },
        "threshold": 5000022
      },
      {
        "model": {
          "type": "minecraft:model",
          "model": "minecraft:slimefun/3_basic_machines/overlays/enhanced_furnace_6_overlay"
        },
        "threshold": 5000023
      },
      {
        "model": {
          "type": "minecraft:model",
          "model": "minecraft:slimefun/3_basic_machines/overlays/enhanced_furnace_7_overlay"
        },
        "threshold": 5000024
      },
      {
        "model": {
          "type": "minecraft:model",
          "model": "minecraft:slimefun/3_basic_machines/overlays/enhanced_furnace_8_overlay"
        },
        "threshold": 5000025
      },
      {
        "model": {
          "type": "minecraft:model",
          "model": "minecraft:slimefun/3_basic_machines/overlays/enhanced_furnace_9_overlay"
        },
        "threshold": 5000026
      },
      {
        "model": {
          "type": "minecraft:model",
          "model": "minecraft:slimefun/3_basic_machines/overlays/enhanced_furnace_10_overlay"
        },
        "threshold": 5000027
      },
      {
        "model": {
          "type": "minecraft:model",
          "model": "minecraft:slimefun/3_basic_machines/overlays/enhanced_furnace_11_overlay"
        },
        "threshold": 5000028
      },
      {
        "model": {
          "type": "minecraft:model",
          "model": "minecraft:slimefun/3_basic_machines/overlays/reinforced_furnace_overlay"
        },
        "threshold": 5000029
      },
      {
        "model": {
          "type": "minecraft:model",
          "model": "minecraft:slimefun/3_basic_machines/overlays/carbonado_furnace_overlay"
        },
        "threshold": 5000030
      },
      {
        "model": {
          "type": "minecraft:model",
          "model": "minecraft:slimefun/3_basic_machines/overlays/block_placer_overlay"
        },
        "threshold": 5000031
      },
      {
        "model": {
          "type": "minecraft:model",
          "model": "minecraft:slimefun/15_magical_gadgets/overlays/ancient_pedestal_overlay"
        },
        "threshold": 5000032
      },
      {
        "model": {
          "type": "minecraft:model",
          "model": "minecraft:slimefun/15_magical_gadgets/overlays/ancient_altar_overlay"
        },
        "threshold": 5000033
      },
      {
        "model": {
          "type": "minecraft:model",
          "model": "minecraft:slimefun/15_magical_gadgets/overlays/infused_hopper_overlay"
        },
        "threshold": 5000034
      },
      {
        "model": {
          "type": "minecraft:model",
          "model": "minecraft:slimefun/21_slimy_treetaps/overlays/rubber_factory_overlay"
        },
        "threshold": 5000035
      },
      {
        "model": {
          "type": "minecraft:model",
          "model": "minecraft:slimefun/21_slimy_treetaps/overlays/resin_extractor_overlay"
        },
        "threshold": 5000036
      },
      {
        "model": {
          "type": "minecraft:model",
          "model": "minecraft:slimefun/21_slimy_treetaps/overlays/resin_extractor_2_overlay"
        },
        "threshold": 5000037
      },
      {
        "model": {
          "type": "minecraft:model",
          "model": "minecraft:slimefun/23_slime_tinker/overlays/tinker_workbench_overlay"
        },
        "threshold": 5000038
      },
      {
        "model": {
          "type": "minecraft:model",
          "model": "minecraft:slimefun/23_slime_tinker/overlays/tinker_smeltery_overlay"
        },
        "threshold": 5000039
      },
      {
        "model": {
          "type": "minecraft:model",
          "model": "minecraft:slimefun/23_slime_tinker/overlays/tinker_tool_table_overlay"
        },
        "threshold": 5000040
      },
      {
        "model": {
          "type": "minecraft:model",
          "model": "minecraft:slimefun/23_slime_tinker/overlays/tinker_armour_table_overlay"
        },
        "threshold": 5000041
      },
      {
        "model": {
          "type": "minecraft:model",
          "model": "minecraft:slimefun/23_slime_tinker/overlays/tinker_repair_bench_overlay"
        },
        "threshold": 5000042
      },
      {
        "model": {
          "type": "minecraft:model",
          "model": "minecraft:slimefun/23_slime_tinker/overlays/tinker_swapping_station_overlay"
        },
        "threshold": 5000043
      },
      {
        "model": {
          "type": "minecraft:model",
          "model": "minecraft:slimefun/23_slime_tinker/overlays/tinker_modification_station_overlay"
        },
        "threshold": 5000044
      },
      {
        "model": {
          "type": "minecraft:model",
          "model": "minecraft:slimefun/24_galactifun/overlays/super_fan_overlay"
        },
        "threshold": 5000045
      },
      {
        "model": {
          "type": "minecraft:model",
          "model": "minecraft:slimefun/24_galactifun/overlays/ender_block_overlay"
        },
        "threshold": 5000046
      },
      {
        "model": {
          "type": "minecraft:model",
          "model": "minecraft:slimefun/24_galactifun/overlays/stargate_ring_overlay"
        },
        "threshold": 5000047
      },
      {
        "model": {
          "type": "minecraft:model",
          "model": "minecraft:slimefun/24_galactifun/overlays/stargate_controller_overlay"
        },
        "threshold": 5000048
      },
      {
        "model": {
          "type": "minecraft:model",
          "model": "minecraft:slimefun/24_galactifun/overlays/oxygen_filler_overlay"
        },
        "threshold": 5000049
      },
      {
        "model": {
          "type": "minecraft:model",
          "model": "minecraft:slimefun/24_galactifun/overlays/space_suit_upgrader_overlay"
        },
        "threshold": 5000050
      },
      {
        "model": {
          "type": "minecraft:model",
          "model": "minecraft:slimefun/24_galactifun/overlays/circuit_press_overlay"
        },
        "threshold": 5000051
      },
      {
        "model": {
          "type": "minecraft:model",
          "model": "minecraft:slimefun/24_galactifun/overlays/assembly_table_overlay"
        },
        "threshold": 5000052
      },
      {
        "model": {
          "type": "minecraft:model",
          "model": "minecraft:slimefun/24_galactifun/overlays/cooling_unit_overlay"
        },
        "threshold": 5000053
      },
      {
        "model": {
          "type": "minecraft:model",
          "model": "minecraft:slimefun/24_galactifun/overlays/cooling_unit_2_overlay"
        },
        "threshold": 5000054
      },
      {
        "model": {
          "type": "minecraft:model",
          "model": "minecraft:slimefun/24_galactifun/overlays/cooling_unit_3_overlay"
        },
        "threshold": 5000055
      },
      {
        "model": {
          "type": "minecraft:model",
          "model": "minecraft:slimefun/24_galactifun/overlays/space_heater_overlay"
        },
        "threshold": 5000056
      },
      {
        "model": {
          "type": "minecraft:model",
          "model": "minecraft:slimefun/24_galactifun/overlays/space_heater_2_overlay"
        },
        "threshold": 5000057
      },
      {
        "model": {
          "type": "minecraft:model",
          "model": "minecraft:slimefun/24_galactifun/overlays/space_heater_3_overlay"
        },
        "threshold": 5000058
      },
      {
        "model": {
          "type": "minecraft:model",
          "model": "minecraft:slimefun/24_galactifun/overlays/ion_disperser_overlay"
        },
        "threshold": 5000059
      },
      {
        "model": {
          "type": "minecraft:model",
          "model": "minecraft:slimefun/24_galactifun/overlays/ion_disperser_2_overlay"
        },
        "threshold": 5000060
      },
      {
        "model": {
          "type": "minecraft:model",
          "model": "minecraft:slimefun/24_galactifun/overlays/planetary_analyzer_overlay"
        },
        "threshold": 5000061
      },
      {
        "model": {
          "type": "minecraft:model",
          "model": "minecraft:slimefun/24_galactifun/overlays/diamond_anvil_overlay"
        },
        "threshold": 5000062
      },
      {
        "model": {
          "type": "minecraft:model",
          "model": "minecraft:slimefun/24_galactifun/overlays/oxygen_sealer_overlay"
        },
        "threshold": 5000063
      },
      {
        "model": {
          "type": "minecraft:model",
          "model": "minecraft:slimefun/24_galactifun/overlays/automatic_door_overlay"
        },
        "threshold": 5000064
      },
      {
        "model": {
          "type": "minecraft:model",
          "model": "minecraft:slimefun/24_galactifun/overlays/efg_overlay"
        },
        "threshold": 5000065
      },
      {
        "model": {
          "type": "minecraft:model",
          "model": "minecraft:slimefun/24_galactifun/overlays/chemical_reactor_overlay"
        },
        "threshold": 5000066
      },
      {
        "model": {
          "type": "minecraft:model",
          "model": "minecraft:slimefun/24_galactifun/overlays/electrolyzer_overlay"
        },
        "threshold": 5000067
      },
      {
        "model": {
          "type": "minecraft:model",
          "model": "minecraft:slimefun/27_foxy_machines/overlays/improvement_forge_overlay"
        },
        "threshold": 5000068
      },
      {
        "model": {
          "type": "minecraft:model",
          "model": "minecraft:slimefun/27_foxy_machines/overlays/potion_mixer_overlay"
        },
        "threshold": 5000069
      },
      {
        "model": {
          "type": "minecraft:model",
          "model": "minecraft:slimefun/27_foxy_machines/overlays/electric_gold_refinery_overlay"
        },
        "threshold": 5000070
      },
      {
        "model": {
          "type": "minecraft:model",
          "model": "minecraft:slimefun/27_foxy_machines/overlays/chunk_loader_overlay"
        },
        "threshold": 5000071
      },
      {
        "model": {
          "type": "minecraft:model",
          "model": "minecraft:slimefun/27_foxy_machines/overlays/forcefield_dome_overlay"
        },
        "threshold": 5000072
      },
      {
        "model": {
          "type": "minecraft:model",
          "model": "minecraft:slimefun/28_energy_and_electricity/overlays/solar_generator_overlay"
        },
        "threshold": 5000073
      },
      {
        "model": {
          "type": "minecraft:model",
          "model": "minecraft:slimefun/28_energy_and_electricity/overlays/solar_generator_advanced_overlay"
        },
        "threshold": 5000074
      },
      {
        "model": {
          "type": "minecraft:model",
          "model": "minecraft:slimefun/28_energy_and_electricity/overlays/solar_generator_carbonado_overlay"
        },
        "threshold": 5000075
      },
      {
        "model": {
          "type": "minecraft:model",
          "model": "minecraft:slimefun/28_energy_and_electricity/overlays/solar_generator_energized_overlay"
        },
        "threshold": 5000076
      },
      {
        "model": {
          "type": "minecraft:model",
          "model": "minecraft:slimefun/28_energy_and_electricity/overlays/charging_bench_overlay"
        },
        "threshold": 5000077
      },
      {
        "model": {
          "type": "minecraft:model",
          "model": "minecraft:slimefun/28_energy_and_electricity/overlays/electric_furnace_overlay"
        },
        "threshold": 5000078
      },
      {
        "model": {
          "type": "minecraft:model",
          "model": "minecraft:slimefun/28_energy_and_electricity/overlays/electric_furnace_2_overlay"
        },
        "threshold": 5000079
      },
      {
        "model": {
          "type": "minecraft:model",
          "model": "minecraft:slimefun/28_energy_and_electricity/overlays/electric_furnace_3_overlay"
        },
        "threshold": 5000080
      },
      {
        "model": {
          "type": "minecraft:model",
          "model": "minecraft:slimefun/28_energy_and_electricity/overlays/electric_gold_pan_overlay"
        },
        "threshold": 5000081
      },
      {
        "model": {
          "type": "minecraft:model",
          "model": "minecraft:slimefun/28_energy_and_electricity/overlays/electric_gold_pan_2_overlay"
        },
        "threshold": 5000082
      },
      {
        "model": {
          "type": "minecraft:model",
          "model": "minecraft:slimefun/28_energy_and_electricity/overlays/electric_gold_pan_3_overlay"
        },
        "threshold": 5000083
      },
      {
        "model": {
          "type": "minecraft:model",
          "model": "minecraft:slimefun/28_energy_and_electricity/overlays/electric_dust_washer_overlay"
        },
        "threshold": 5000084
      },
      {
        "model": {
          "type": "minecraft:model",
          "model": "minecraft:slimefun/28_energy_and_electricity/overlays/electric_dust_washer_2_overlay"
        },
        "threshold": 5000085
      },
      {
        "model": {
          "type": "minecraft:model",
          "model": "minecraft:slimefun/28_energy_and_electricity/overlays/electric_dust_washer_3_overlay"
        },
        "threshold": 5000086
      },
      {
        "model": {
          "type": "minecraft:model",
          "model": "minecraft:slimefun/28_energy_and_electricity/overlays/electric_ingot_factory_overlay"
        },
        "threshold": 5000087
      },
      {
        "model": {
          "type": "minecraft:model",
          "model": "minecraft:slimefun/28_energy_and_electricity/overlays/electric_ingot_factory_2_overlay"
        },
        "threshold": 5000088
      },
      {
        "model": {
          "type": "minecraft:model",
          "model": "minecraft:slimefun/28_energy_and_electricity/overlays/electric_ingot_factory_3_overlay"
        },
        "threshold": 5000089
      },
      {
        "model": {
          "type": "minecraft:model",
          "model": "minecraft:slimefun/28_energy_and_electricity/overlays/electric_crucible_overlay"
        },
        "threshold": 5000090
      },
      {
        "model": {
          "type": "minecraft:model",
          "model": "minecraft:slimefun/28_energy_and_electricity/overlays/electric_crucible_2_overlay"
        },
        "threshold": 5000091
      },
      {
        "model": {
          "type": "minecraft:model",
          "model": "minecraft:slimefun/28_energy_and_electricity/overlays/electric_crucible_3_overlay"
        },
        "threshold": 5000092
      },
      {
        "model": {
          "type": "minecraft:model",
          "model": "minecraft:slimefun/28_energy_and_electricity/overlays/electric_ore_grinder_overlay"
        },
        "threshold": 5000093
      },
      {
        "model": {
          "type": "minecraft:model",
          "model": "minecraft:slimefun/28_energy_and_electricity/overlays/electric_ore_grinder_2_overlay"
        },
        "threshold": 5000094
      },
      {
        "model": {
          "type": "minecraft:model",
          "model": "minecraft:slimefun/28_energy_and_electricity/overlays/electric_ore_grinder_3_overlay"
        },
        "threshold": 5000095
      },
      {
        "model": {
          "type": "minecraft:model",
          "model": "minecraft:slimefun/28_energy_and_electricity/overlays/heated_pressure_chamber_overlay"
        },
        "threshold": 5000096
      },
      {
        "model": {
          "type": "minecraft:model",
          "model": "minecraft:slimefun/28_energy_and_electricity/overlays/heated_pressure_chamber_2_overlay"
        },
        "threshold": 5000097
      },
      {
        "model": {
          "type": "minecraft:model",
          "model": "minecraft:slimefun/28_energy_and_electricity/overlays/electric_ingot_pulverizer_overlay"
        },
        "threshold": 5000098
      },
      {
        "model": {
          "type": "minecraft:model",
          "model": "minecraft:slimefun/28_energy_and_electricity/overlays/coal_generator_overlay"
        },
        "threshold": 5000099
      },
      {
        "model": {
          "type": "minecraft:model",
          "model": "minecraft:slimefun/28_energy_and_electricity/overlays/coal_generator_2_overlay"
        },
        "threshold": 5000100
      },
      {
        "model": {
          "type": "minecraft:model",
          "model": "minecraft:slimefun/28_energy_and_electricity/overlays/bio_reactor_overlay"
        },
        "threshold": 5000101
      },
      {
        "model": {
          "type": "minecraft:model",
          "model": "minecraft:slimefun/28_energy_and_electricity/overlays/auto_drier_overlay"
        },
        "threshold": 5000102
      },
      {
        "model": {
          "type": "minecraft:model",
          "model": "minecraft:slimefun/28_energy_and_electricity/overlays/auto_brewer_overlay"
        },
        "threshold": 5000103
      },
      {
        "model": {
          "type": "minecraft:model",
          "model": "minecraft:slimefun/28_energy_and_electricity/overlays/electric_press_overlay"
        },
        "threshold": 5000104
      },
      {
        "model": {
          "type": "minecraft:model",
          "model": "minecraft:slimefun/28_energy_and_electricity/overlays/electric_press_2_overlay"
        },
        "threshold": 5000105
      },
      {
        "model": {
          "type": "minecraft:model",
          "model": "minecraft:slimefun/28_energy_and_electricity/overlays/magnesium_generator_overlay"
        },
        "threshold": 5000106
      },
      {
        "model": {
          "type": "minecraft:model",
          "model": "minecraft:slimefun/28_energy_and_electricity/overlays/auto_enchanter_overlay"
        },
        "threshold": 5000107
      },
      {
        "model": {
          "type": "minecraft:model",
          "model": "minecraft:slimefun/28_energy_and_electricity/overlays/auto_enchanter_2_overlay"
        },
        "threshold": 5000108
      },
      {
        "model": {
          "type": "minecraft:model",
          "model": "minecraft:slimefun/28_energy_and_electricity/overlays/auto_disenchanter_overlay"
        },
        "threshold": 5000109
      },
      {
        "model": {
          "type": "minecraft:model",
          "model": "minecraft:slimefun/28_energy_and_electricity/overlays/auto_disenchanter_2_overlay"
        },
        "threshold": 5000110
      },
      {
        "model": {
          "type": "minecraft:model",
          "model": "minecraft:slimefun/28_energy_and_electricity/overlays/auto_anvil_overlay"
        },
        "threshold": 5000111
      },
      {
        "model": {
          "type": "minecraft:model",
          "model": "minecraft:slimefun/28_energy_and_electricity/overlays/auto_anvil_2_overlay"
        },
        "threshold": 5000112
      },
      {
        "model": {
          "type": "minecraft:model",
          "model": "minecraft:slimefun/28_energy_and_electricity/overlays/book_binder_overlay"
        },
        "threshold": 5000113
      },
      {
        "model": {
          "type": "minecraft:model",
          "model": "minecraft:slimefun/28_energy_and_electricity/overlays/refinery_overlay"
        },
        "threshold": 5000114
      },
      {
        "model": {
          "type": "minecraft:model",
          "model": "minecraft:slimefun/28_energy_and_electricity/overlays/lava_generator_overlay"
        },
        "threshold": 5000115
      },
      {
        "model": {
          "type": "minecraft:model",
          "model": "minecraft:slimefun/28_energy_and_electricity/overlays/lava_generator_2_overlay"
        },
        "threshold": 5000116
      },
      {
        "model": {
          "type": "minecraft:model",
          "model": "minecraft:slimefun/28_energy_and_electricity/overlays/combustion_reactor_overlay"
        },
        "threshold": 5000117
      },
      {
        "model": {
          "type": "minecraft:model",
          "model": "minecraft:slimefun/28_energy_and_electricity/overlays/food_fabricator_overlay"
        },
        "threshold": 5000118
      },
      {
        "model": {
          "type": "minecraft:model",
          "model": "minecraft:slimefun/28_energy_and_electricity/overlays/food_fabricator_2_overlay"
        },
        "threshold": 5000119
      },
      {
        "model": {
          "type": "minecraft:model",
          "model": "minecraft:slimefun/28_energy_and_electricity/overlays/auto_breeder_overlay"
        },
        "threshold": 5000120
      },
      {
        "model": {
          "type": "minecraft:model",
          "model": "minecraft:slimefun/28_energy_and_electricity/overlays/animal_growth_accel_overlay"
        },
        "threshold": 5000121
      },
      {
        "model": {
          "type": "minecraft:model",
          "model": "minecraft:slimefun/28_energy_and_electricity/overlays/tree_growth_accel_overlay"
        },
        "threshold": 5000122
      },
      {
        "model": {
          "type": "minecraft:model",
          "model": "minecraft:slimefun/28_energy_and_electricity/overlays/exp_collector_overlay"
        },
        "threshold": 5000123
      },
      {
        "model": {
          "type": "minecraft:model",
          "model": "minecraft:slimefun/28_energy_and_electricity/overlays/food_composter_overlay"
        },
        "threshold": 5000124
      },
      {
        "model": {
          "type": "minecraft:model",
          "model": "minecraft:slimefun/28_energy_and_electricity/overlays/food_composter_2_overlay"
        },
        "threshold": 5000125
      },
      {
        "model": {
          "type": "minecraft:model",
          "model": "minecraft:slimefun/28_energy_and_electricity/overlays/crop_growth_accel_overlay"
        },
        "threshold": 5000126
      },
      {
        "model": {
          "type": "minecraft:model",
          "model": "minecraft:slimefun/28_energy_and_electricity/overlays/crop_growth_accel_2_overlay"
        },
        "threshold": 5000127
      },
      {
        "model": {
          "type": "minecraft:model",
          "model": "minecraft:slimefun/28_energy_and_electricity/overlays/freezer_overlay"
        },
        "threshold": 5000128
      },
      {
        "model": {
          "type": "minecraft:model",
          "model": "minecraft:slimefun/28_energy_and_electricity/overlays/freezer_2_overlay"
        },
        "threshold": 5000129
      },
      {
        "model": {
          "type": "minecraft:model",
          "model": "minecraft:slimefun/28_energy_and_electricity/overlays/freezer_3_overlay"
        },
        "threshold": 5000130
      },
      {
        "model": {
          "type": "minecraft:model",
          "model": "minecraft:slimefun/28_energy_and_electricity/overlays/nuclear_reactor_overlay"
        },
        "threshold": 5000131
      },
      {
        "model": {
          "type": "minecraft:model",
          "model": "minecraft:slimefun/28_energy_and_electricity/overlays/nether_star_reactor_overlay"
        },
        "threshold": 5000132
      },
      {
        "model": {
          "type": "minecraft:model",
          "model": "minecraft:slimefun/28_energy_and_electricity/overlays/fluid_pump_overlay"
        },
        "threshold": 5000133
      },
      {
        "model": {
          "type": "minecraft:model",
          "model": "minecraft:slimefun/28_energy_and_electricity/overlays/carbon_press_overlay"
        },
        "threshold": 5000134
      },
      {
        "model": {
          "type": "minecraft:model",
          "model": "minecraft:slimefun/28_energy_and_electricity/overlays/carbon_press_2_overlay"
        },
        "threshold": 5000135
      },
      {
        "model": {
          "type": "minecraft:model",
          "model": "minecraft:slimefun/28_energy_and_electricity/overlays/carbon_press_3_overlay"
        },
        "threshold": 5000136
      },
      {
        "model": {
          "type": "minecraft:model",
          "model": "minecraft:slimefun/28_energy_and_electricity/overlays/electric_smeltery_overlay"
        },
        "threshold": 5000137
      },
      {
        "model": {
          "type": "minecraft:model",
          "model": "minecraft:slimefun/28_energy_and_electricity/overlays/electric_smeltery_2_overlay"
        },
        "threshold": 5000138
      },
      {
        "model": {
          "type": "minecraft:model",
          "model": "minecraft:slimefun/28_energy_and_electricity/overlays/iron_golem_assembler_overlay"
        },
        "threshold": 5000139
      },
      {
        "model": {
          "type": "minecraft:model",
          "model": "minecraft:slimefun/28_energy_and_electricity/overlays/wither_assembler_overlay"
        },
        "threshold": 5000140
      },
      {
        "model": {
          "type": "minecraft:model",
          "model": "minecraft:slimefun/28_energy_and_electricity/overlays/produce_collector_overlay"
        },
        "threshold": 5000141
      },
      {
        "model": {
          "type": "minecraft:model",
          "model": "minecraft:slimefun/30_gps_based_machines/overlays/gps_transmitter_overlay"
        },
        "threshold": 5000142
      },
      {
        "model": {
          "type": "minecraft:model",
          "model": "minecraft:slimefun/30_gps_based_machines/overlays/gps_transmitter_advanced_overlay"
        },
        "threshold": 5000143
      },
      {
        "model": {
          "type": "minecraft:model",
          "model": "minecraft:slimefun/30_gps_based_machines/overlays/gps_transmitter_carbonado_overlay"
        },
        "threshold": 5000144
      },
      {
        "model": {
          "type": "minecraft:model",
          "model": "minecraft:slimefun/30_gps_based_machines/overlays/gps_transmitter_energized_overlay"
        },
        "threshold": 5000145
      },
      {
        "model": {
          "type": "minecraft:model",
          "model": "minecraft:slimefun/30_gps_based_machines/overlays/gps_control_panel_overlay"
        },
        "threshold": 5000146
      },
      {
        "model": {
          "type": "minecraft:model",
          "model": "minecraft:slimefun/30_gps_based_machines/overlays/gps_emergency_transmitter_overlay"
        },
        "threshold": 5000147
      },
      {
        "model": {
          "type": "minecraft:model",
          "model": "minecraft:slimefun/30_gps_based_machines/overlays/gps_geo_scanner_overlay"
        },
        "threshold": 5000148
      },
      {
        "model": {
          "type": "minecraft:model",
          "model": "minecraft:slimefun/30_gps_based_machines/overlays/oil_pump_overlay"
        },
        "threshold": 5000149
      },
      {
        "model": {
          "type": "minecraft:model",
          "model": "minecraft:slimefun/30_gps_based_machines/overlays/geo_miner_overlay"
        },
        "threshold": 5000150
      },
      {
        "model": {
          "type": "minecraft:model",
          "model": "minecraft:slimefun/30_gps_based_machines/overlays/gps_teleporter_matrix_overlay"
        },
        "threshold": 5000151
      },
      {
        "model": {
          "type": "minecraft:model",
          "model": "minecraft:slimefun/30_gps_based_machines/overlays/gps_activation_device_shared_overlay"
        },
        "threshold": 5000152
      },
      {
        "model": {
          "type": "minecraft:model",
          "model": "minecraft:slimefun/30_gps_based_machines/overlays/gps_activation_device_personal_overlay"
        },
        "threshold": 5000153
      },
      {
        "model": {
          "type": "minecraft:model",
          "model": "minecraft:slimefun/30_gps_based_machines/overlays/elevator_plate_overlay"
        },
        "threshold": 5000154
      },
      {
        "model": {
          "type": "minecraft:model",
          "model": "minecraft:slimefun/31_androids/overlays/android_interface_fuel_overlay"
        },
        "threshold": 5000155
      },
      {
        "model": {
          "type": "minecraft:model",
          "model": "minecraft:slimefun/31_androids/overlays/android_interface_items_overlay"
        },
        "threshold": 5000156
      },
      {
        "model": {
          "type": "minecraft:model",
          "model": "minecraft:slimefun/29_infinity_expansion/overlays/advanced_anvil_overlay"
        },
        "threshold": 5000157
      },
      {
        "model": {
          "type": "minecraft:model",
          "model": "minecraft:slimefun/29_infinity_expansion/overlays/infinity_workbench_overlay"
        },
        "threshold": 5000158
      },
      {
        "model": {
          "type": "minecraft:model",
          "model": "minecraft:slimefun/29_infinity_expansion/overlays/basic_cobble_generator_overlay"
        },
        "threshold": 5000159
      },
      {
        "model": {
          "type": "minecraft:model",
          "model": "minecraft:slimefun/29_infinity_expansion/overlays/basic_virtual_farm_overlay"
        },
        "threshold": 5000160
      }
    ]
  },
  "oversized_in_gui": true
}