{
	"model": {
	"type": "minecraft:range_dispatch",
	"property": "minecraft:custom_model_data",
	"index": 0,
	"fallback": {
		"type": "minecraft:model",
		"model": "minecraft:item/pink_terracotta"},


	"entries": [
	{"threshold": 0, "model": {"type": "minecraft:select", "property": "minecraft:component", "component": "minecraft:custom_name",
	"cases": [
		{"when": {"text":"","extra":[{"text":"Rainbow Clay ","obfuscated":false,"italic":false,"underlined":false,"strikethrough":false,"color":"dark_purple","bold":false},{"text":"(Valentine's Day)","italic":false,"color":"gray"}]}, "model": {"type": "minecraft:model", "model": "slimefun/valentines_day/rainbow_clay_valentine"}},
		{"when": {"text":"","extra":[{"text":"Magnesium Block","obfuscated":false,"italic":false,"underlined":false,"strikethrough":false,"color":"#DBCEA9","bold":false}]}, "model": {"type": "minecraft:model", "model": "slimefun/23_slime_tinker/materials/magnesium_block"}}
	],


	"fallback": {"type": "minecraft:model","model": "minecraft:item/pink_terracotta"}}}
    ]
  },
  "oversized_in_gui": true
}