{
	"model": {
	"type": "minecraft:range_dispatch",
	"property": "minecraft:custom_model_data",
	"index": 0,
	"fallback": {
		"type": "minecraft:model",
		"model": "minecraft:item/pink_stained_glass_pane"},


	"entries": [
	{"threshold": 0, "model": {"type": "minecraft:select", "property": "minecraft:component", "component": "minecraft:custom_name",
	"cases": [
		{"when": {"text":"","extra":[{"text":"Rainbow Glass Pane ","obfuscated":false,"italic":false,"underlined":false,"strikethrough":false,"color":"dark_purple","bold":false},{"text":"(Valentine's Day)","italic":false,"color":"gray"}]}, "model": {"type": "minecraft:model", "model": "slimefun/valentines_day/rainbow_glass_pane_valentine"}}
	],


	"fallback": {"type": "minecraft:model","model": "minecraft:item/pink_stained_glass_pane"}}}
    ]
  },
  "oversized_in_gui": true
}