{
	"model": {
	"type": "minecraft:range_dispatch",
	"property": "minecraft:custom_model_data",
	"index": 0,
	"fallback": {
		"type": "minecraft:model",
		"model": "minecraft:item/powered_rail"},


	"entries": [
	{"threshold": 0, "model": {"type": "minecraft:select", "property": "minecraft:component", "component": "minecraft:custom_name",
	"cases": [
		{"when": {"text":"","extra":[{"text":"Advanced Circuit Board","obfuscated":false,"italic":false,"underlined":false,"strikethrough":false,"color":"aqua","bold":false}]}, "model": {"type": "minecraft:model", "model": "slimefun/10_technical_components/advanced_circuit_board"}},
		{"when": {"text":"","extra":[{"text":"Diamond Circuit","obfuscated":false,"italic":false,"underlined":false,"strikethrough":false,"color":"gray","bold":false}]}, "model": {"type": "minecraft:model", "model": "slimefun/24_galactifun/components/diamond_circuit"}},
		{"when": {"text":"","extra":[{"text":"Redstone Circuit","obfuscated":false,"italic":false,"underlined":false,"strikethrough":false,"color":"gray","bold":false}]}, "model": {"type": "minecraft:model", "model": "slimefun/24_galactifun/components/redstone_circuit"}},
		{"when": {"text":"","extra":[{"text":"Lapis Circuit","obfuscated":false,"italic":false,"underlined":false,"strikethrough":false,"color":"gray","bold":false}]}, "model": {"type": "minecraft:model", "model": "slimefun/24_galactifun/components/lapis_circuit"}},
		{"when": {"text":"","extra":[{"text":"Glowstone Circuit","obfuscated":false,"italic":false,"underlined":false,"strikethrough":false,"color":"gray","bold":false}]}, "model": {"type": "minecraft:model", "model": "slimefun/24_galactifun/components/glowstone_circuit"}},
		{"when": {"text":"","extra":[{"text":"Boosted Powered Rail","obfuscated":false,"italic":false,"underlined":false,"strikethrough":false,"color":"white","bold":false}]}, "model": {"type": "minecraft:model", "model": "slimefun/27_foxy_machines/boosted_powered_rail"}}
	],


	"fallback": {"type": "minecraft:model","model": "minecraft:item/powered_rail"}}}
    ]
  },
  "oversized_in_gui": true
}