{
	"model": {
	"type": "minecraft:range_dispatch",
	"property": "minecraft:custom_model_data",
	"index": 0,
	"fallback": {
		"type": "minecraft:model",
		"model": "minecraft:item/purple_stained_glass"},


	"entries": [
	{"threshold": 0, "model": {"type": "minecraft:select", "property": "minecraft:component", "component": "minecraft:custom_name",
	"cases": [
		{"when": {"text":"","extra":[{"text":"Wither-Proof Glass","obfuscated":false,"italic":false,"underlined":false,"strikethrough":false,"color":"dark_purple","bold":false}]}, "model": {"type": "minecraft:model", "model": "slimefun/10_technical_components/wither_proof_glass"}},
		{"when": {"text":"","extra":[{"text":"GPS Teleporter Pylon","obfuscated":false,"italic":false,"underlined":false,"strikethrough":false,"color":"dark_purple","bold":false}]}, "model": {"type": "minecraft:model", "model": "slimefun/30_gps_based_machines/gps_teleporter_pylon"}}
	],


	"fallback": {"type": "minecraft:model","model": "minecraft:item/purple_stained_glass"}}}
    ]
  },
  "oversized_in_gui": true
}