{
	"model": {
	"type": "minecraft:range_dispatch",
	"property": "minecraft:custom_model_data",
	"index": 0,
	"fallback": {
		"type": "minecraft:model",
		"model": "minecraft:item/red_terracotta"},


	"entries": [
	{"threshold": 0, "model": {"type": "minecraft:select", "property": "minecraft:component", "component": "minecraft:custom_name",
	"cases": [
		{"when": {"text":"","extra":[{"text":"Electric Ingot Factory","obfuscated":false,"italic":false,"underlined":false,"strikethrough":false,"color":"red","bold":false}]}, "model": {"type": "minecraft:model", "model": "slimefun/28_energy_and_electricity/electric_ingot_factory"}},
		{"when": {"text":"","extra":[{"text":"Electric Ingot Factory ","obfuscated":false,"italic":false,"underlined":false,"strikethrough":false,"color":"red","bold":false},{"text":"(","italic":false,"color":"gray"},{"text":"II","italic":false,"color":"yellow"},{"text":")","italic":false,"color":"gray"}]}, "model": {"type": "minecraft:model", "model": "slimefun/28_energy_and_electricity/electric_ingot_factory_2"}},
		{"when": {"text":"","extra":[{"text":"Electric Ingot Factory ","obfuscated":false,"italic":false,"underlined":false,"strikethrough":false,"color":"red","bold":false},{"text":"(","italic":false,"color":"gray"},{"text":"III","italic":false,"color":"yellow"},{"text":")","italic":false,"color":"gray"}]}, "model": {"type": "minecraft:model", "model": "slimefun/28_energy_and_electricity/electric_ingot_factory_3"}},
		{"when": {"text":"","extra":[{"text":"Electrified Crucible","obfuscated":false,"italic":false,"underlined":false,"strikethrough":false,"color":"red","bold":false}]}, "model": {"type": "minecraft:model", "model": "slimefun/28_energy_and_electricity/electric_crucible"}},
		{"when": {"text":"","extra":[{"text":"Electrified Crucible ","obfuscated":false,"italic":false,"underlined":false,"strikethrough":false,"color":"red","bold":false},{"text":"- ","italic":false,"color":"gray"},{"text":"II","italic":false,"color":"yellow"}]}, "model": {"type": "minecraft:model", "model": "slimefun/28_energy_and_electricity/electric_crucible_2"}},
		{"when": {"text":"","extra":[{"text":"Electrified Crucible ","obfuscated":false,"italic":false,"underlined":false,"strikethrough":false,"color":"red","bold":false},{"text":"- ","italic":false,"color":"gray"},{"text":"III","italic":false,"color":"yellow"}]}, "model": {"type": "minecraft:model", "model": "slimefun/28_energy_and_electricity/electric_crucible_3"}}
	],


	"fallback": {"type": "minecraft:model","model": "minecraft:item/red_terracotta"}}}
    ]
  },
  "oversized_in_gui": true
}