{
	"model": {
	"type": "minecraft:range_dispatch",
	"property": "minecraft:custom_model_data",
	"index": 0,
	"fallback": {
		"type": "minecraft:model",
		"model": "minecraft:item/smithing_table"},


	"entries": [
	{"threshold": 0, "model": {"type": "minecraft:select", "property": "minecraft:component", "component": "minecraft:custom_name",
	"cases": [
		{"when": {"text":"","extra":[{"text":"Assembly Table","obfuscated":false,"italic":false,"underlined":false,"strikethrough":false,"color":"white","bold":false}]}, "model": {"type": "minecraft:model", "model": "slimefun/24_galactifun/machines/assembly_table"}},
		{"when": {"text":"","extra":[{"text":"Advanced Anvil","obfuscated":false,"italic":false,"underlined":false,"strikethrough":false,"color":"red","bold":false}]}, "model": {"type": "minecraft:model", "model": "slimefun/29_infinity_expansion/materials/advanced_anvil"}},
		{"when": {"text":"","extra":[{"text":"Resin Extractor","obfuscated":false,"italic":false,"underlined":false,"strikethrough":false,"color":"red","bold":false}]}, "model": {"type": "minecraft:model", "model": "slimefun/21_slimy_treetaps/resin_extractor"}},
		{"when": {"text":"","extra":[{"text":"Resin Extractor ","obfuscated":false,"italic":false,"underlined":false,"strikethrough":false,"color":"red","bold":false},{"text":"(","italic":false,"color":"gray"},{"text":"II","italic":false,"color":"yellow"},{"text":")","italic":false,"color":"gray"}]}, "model": {"type": "minecraft:model", "model": "slimefun/21_slimy_treetaps/resin_extractor_2"}},
		{"when": {"text":"","extra":[{"text":"Improvement Forge","obfuscated":false,"italic":false,"underlined":false,"strikethrough":false,"color":"aqua","bold":false}]}, "model": {"type": "minecraft:model", "model": "slimefun/27_foxy_machines/improvement_forge"}},
		{"when": {"text":"","extra":[{"text":"Tinker's Tool Table","obfuscated":false,"italic":false,"underlined":false,"strikethrough":false,"color":"#3295A8","bold":false}]}, "model": {"type": "minecraft:model", "model": "slimefun/23_slime_tinker/workstations/tinkers_table"}},
		{"when": {"text":"","extra":[{"text":"Tinker's Armour Table","obfuscated":false,"italic":false,"underlined":false,"strikethrough":false,"color":"#3295A8","bold":false}]}, "model": {"type": "minecraft:model", "model": "slimefun/23_slime_tinker/workstations/tinkers_armour_table"}}
	],


	"fallback": {"type": "minecraft:model","model": "minecraft:item/smithing_table"}}}
    ]
  },
  "oversized_in_gui": true
}