{
	"model": {
	"type": "minecraft:range_dispatch",
	"property": "minecraft:custom_model_data",
	"index": 0,
	"fallback": {
		"type": "minecraft:model",
		"model": "minecraft:item/smoker"},


	"entries": [
	{"threshold": 0, "model": {"type": "minecraft:select", "property": "minecraft:component", "component": "minecraft:custom_name",
	"cases": [
		{"when": {"text":"","extra":[{"text":"Rubber Factory","obfuscated":false,"italic":false,"underlined":false,"strikethrough":false,"color":"aqua","bold":false}]}, "model": {"type": "minecraft:model", "model": "slimefun/21_slimy_treetaps/rubber_factory"}},
		{"when": {"text":"","extra":[{"text":"Auto Drier","obfuscated":false,"italic":false,"underlined":false,"strikethrough":false,"color":"gold","bold":false}]}, "model": {"type": "minecraft:model", "model": "slimefun/28_energy_and_electricity/auto_drier"}},
		{"when": {"text":"","extra":[{"text":"Auto Brewer","obfuscated":false,"italic":false,"underlined":false,"strikethrough":false,"color":"gold","bold":false}]}, "model": {"type": "minecraft:model", "model": "slimefun/28_energy_and_electricity/auto_brewer"}}
	],


	"fallback": {"type": "minecraft:model","model": "minecraft:item/smoker"}}}
    ]
  },
  "oversized_in_gui": true
}