{
	"model": {
	"type": "minecraft:range_dispatch",
	"property": "minecraft:custom_model_data",
	"index": 0,
	"fallback": {
		"type": "minecraft:model",
		"model": "minecraft:item/smooth_stone"},


	"entries": [
	{"threshold": 0, "model": {"type": "minecraft:select", "property": "minecraft:component", "component": "minecraft:custom_name",
	"cases": [
		{"when": {"text":"","extra":[{"text":"Basic ","obfuscated":false,"italic":false,"underlined":false,"strikethrough":false,"color":"blue","bold":false},{"text":"Cobble Generator","italic":false,"color":"dark_gray"}]}, "model": {"type": "minecraft:model", "model": "slimefun/29_infinity_expansion/basic_machines/basic_cobble_gen"}}
	],


	"fallback": {"type": "minecraft:model","model": "minecraft:item/smooth_stone"}}}
    ]
  },
  "oversized_in_gui": true
}