{
	"model": {
	"type": "minecraft:range_dispatch",
	"property": "minecraft:custom_model_data",
	"index": 0,
	"fallback": {
		"type": "minecraft:model",
		"model": "minecraft:item/spawner"},


	"entries": [
	{"threshold": 0, "model": {"type": "minecraft:select", "property": "minecraft:component", "component": "minecraft:custom_name",
	"cases": [
		{"when": {"text":"","extra":[{"text":"Broken Spawner","obfuscated":false,"italic":false,"underlined":false,"strikethrough":false,"color":"red","bold":false}]}, "model": {"type": "minecraft:model", "model": "slimefun/8_magical_items/broken_spawner"}},
		{"when": {"text":"","extra":[{"text":"Reinforced Spawner","obfuscated":false,"italic":false,"underlined":false,"strikethrough":false,"color":"aqua","bold":false}]}, "model": {"type": "minecraft:model", "model": "slimefun/15_magical_gadgets/reinforced_spawner"}},
		{"when": {"text":"","extra":[{"text":"Broken Spawner ","obfuscated":false,"italic":false,"underlined":false,"strikethrough":false,"color":"aqua","bold":false},{"text":"(Empty)","italic":false,"color":"gray"}]},"model":{"type":"minecraft:model","model":"slimefun/19_soul_jars/soul_jar_empty"}},
		{"when": {"text":"","extra":[{"text":"Broken Spawner ","obfuscated":false,"italic":false,"underlined":false,"strikethrough":false,"color":"red","bold":false},{"text":"(Blaze)","italic":false,"color":"gray"}]},"model":{"type":"minecraft:model","model":"slimefun/8_magical_items/broken_spawner"}},
		{"when": {"text":"","extra":[{"text":"Broken Spawner ","obfuscated":false,"italic":false,"underlined":false,"strikethrough":false,"color":"red","bold":false},{"text":"(Cave Spider)","italic":false,"color":"gray"}]},"model":{"type":"minecraft:model","model":"slimefun/8_magical_items/broken_spawner"}},
		{"when": {"text":"","extra":[{"text":"Broken Spawner ","obfuscated":false,"italic":false,"underlined":false,"strikethrough":false,"color":"red","bold":false},{"text":"(Chicken)","italic":false,"color":"gray"}]},"model":{"type":"minecraft:model","model":"slimefun/8_magical_items/broken_spawner"}},
		{"when": {"text":"","extra":[{"text":"Broken Spawner ","obfuscated":false,"italic":false,"underlined":false,"strikethrough":false,"color":"red","bold":false},{"text":"(Cow)","italic":false,"color":"gray"}]},"model":{"type":"minecraft:model","model":"slimefun/8_magical_items/broken_spawner"}},
		{"when": {"text":"","extra":[{"text":"Broken Spawner ","obfuscated":false,"italic":false,"underlined":false,"strikethrough":false,"color":"red","bold":false},{"text":"(Creeper)","italic":false,"color":"gray"}]},"model":{"type":"minecraft:model","model":"slimefun/8_magical_items/broken_spawner"}},
		{"when": {"text":"","extra":[{"text":"Broken Spawner ","obfuscated":false,"italic":false,"underlined":false,"strikethrough":false,"color":"red","bold":false},{"text":"(Drowned)","italic":false,"color":"gray"}]},"model":{"type":"minecraft:model","model":"slimefun/8_magical_items/broken_spawner"}},
		{"when": {"text":"","extra":[{"text":"Broken Spawner ","obfuscated":false,"italic":false,"underlined":false,"strikethrough":false,"color":"red","bold":false},{"text":"(Evoker)","italic":false,"color":"gray"}]},"model":{"type":"minecraft:model","model":"slimefun/8_magical_items/broken_spawner"}},
		{"when": {"text":"","extra":[{"text":"Broken Spawner ","obfuscated":false,"italic":false,"underlined":false,"strikethrough":false,"color":"red","bold":false},{"text":"(Enderman)","italic":false,"color":"gray"}]},"model":{"type":"minecraft:model","model":"slimefun/8_magical_items/broken_spawner"}},
		{"when": {"text":"","extra":[{"text":"Broken Spawner ","obfuscated":false,"italic":false,"underlined":false,"strikethrough":false,"color":"red","bold":false},{"text":"(Endermite)","italic":false,"color":"gray"}]},"model":{"type":"minecraft:model","model":"slimefun/8_magical_items/broken_spawner"}},
		{"when": {"text":"","extra":[{"text":"Broken Spawner ","obfuscated":false,"italic":false,"underlined":false,"strikethrough":false,"color":"red","bold":false},{"text":"(Fox)","italic":false,"color":"gray"}]},"model":{"type":"minecraft:model","model":"slimefun/8_magical_items/broken_spawner"}},
		{"when": {"text":"","extra":[{"text":"Broken Spawner ","obfuscated":false,"italic":false,"underlined":false,"strikethrough":false,"color":"red","bold":false},{"text":"(Ghast)","italic":false,"color":"gray"}]},"model":{"type":"minecraft:model","model":"slimefun/8_magical_items/broken_spawner"}},
		{"when": {"text":"","extra":[{"text":"Broken Spawner ","obfuscated":false,"italic":false,"underlined":false,"strikethrough":false,"color":"red","bold":false},{"text":"(Guardian)","italic":false,"color":"gray"}]},"model":{"type":"minecraft:model","model":"slimefun/8_magical_items/broken_spawner"}},
		{"when": {"text":"","extra":[{"text":"Broken Spawner ","obfuscated":false,"italic":false,"underlined":false,"strikethrough":false,"color":"red","bold":false},{"text":"(Horse)","italic":false,"color":"gray"}]},"model":{"type":"minecraft:model","model":"slimefun/8_magical_items/broken_spawner"}},
		{"when": {"text":"","extra":[{"text":"Broken Spawner ","obfuscated":false,"italic":false,"underlined":false,"strikethrough":false,"color":"red","bold":false},{"text":"(Husk)","italic":false,"color":"gray"}]},"model":{"type":"minecraft:model","model":"slimefun/8_magical_items/broken_spawner"}},
		{"when": {"text":"","extra":[{"text":"Broken Spawner ","obfuscated":false,"italic":false,"underlined":false,"strikethrough":false,"color":"red","bold":false},{"text":"(Illusioner)","italic":false,"color":"gray"}]},"model":{"type":"minecraft:model","model":"slimefun/8_magical_items/broken_spawner"}},
		{"when": {"text":"","extra":[{"text":"Broken Spawner ","obfuscated":false,"italic":false,"underlined":false,"strikethrough":false,"color":"red","bold":false},{"text":"(Iron Golem)","italic":false,"color":"gray"}]},"model":{"type":"minecraft:model","model":"slimefun/8_magical_items/broken_spawner"}},
		{"when": {"text":"","extra":[{"text":"Broken Spawner ","obfuscated":false,"italic":false,"underlined":false,"strikethrough":false,"color":"red","bold":false},{"text":"(Llama)","italic":false,"color":"gray"}]},"model":{"type":"minecraft:model","model":"slimefun/8_magical_items/broken_spawner"}},
		{"when": {"text":"","extra":[{"text":"Broken Spawner ","obfuscated":false,"italic":false,"underlined":false,"strikethrough":false,"color":"red","bold":false},{"text":"(Magma Cube)","italic":false,"color":"gray"}]},"model":{"type":"minecraft:model","model":"slimefun/8_magical_items/broken_spawner"}},
		{"when": {"text":"","extra":[{"text":"Broken Spawner ","obfuscated":false,"italic":false,"underlined":false,"strikethrough":false,"color":"red","bold":false},{"text":"(Mushroom Cow)","italic":false,"color":"gray"}]},"model":{"type":"minecraft:model","model":"slimefun/8_magical_items/broken_spawner"}},
		{"when": {"text":"","extra":[{"text":"Broken Spawner ","obfuscated":false,"italic":false,"underlined":false,"strikethrough":false,"color":"red","bold":false},{"text":"(Ocelot)","italic":false,"color":"gray"}]},"model":{"type":"minecraft:model","model":"slimefun/8_magical_items/broken_spawner"}},
		{"when": {"text":"","extra":[{"text":"Broken Spawner ","obfuscated":false,"italic":false,"underlined":false,"strikethrough":false,"color":"red","bold":false},{"text":"(Panda)","italic":false,"color":"gray"}]},"model":{"type":"minecraft:model","model":"slimefun/8_magical_items/broken_spawner"}},
		{"when": {"text":"","extra":[{"text":"Broken Spawner ","obfuscated":false,"italic":false,"underlined":false,"strikethrough":false,"color":"red","bold":false},{"text":"(Parrot)","italic":false,"color":"gray"}]},"model":{"type":"minecraft:model","model":"slimefun/8_magical_items/broken_spawner"}},
		{"when": {"text":"","extra":[{"text":"Broken Spawner ","obfuscated":false,"italic":false,"underlined":false,"strikethrough":false,"color":"red","bold":false},{"text":"(Phantom)","italic":false,"color":"gray"}]},"model":{"type":"minecraft:model","model":"slimefun/8_magical_items/broken_spawner"}},
		{"when": {"text":"","extra":[{"text":"Broken Spawner ","obfuscated":false,"italic":false,"underlined":false,"strikethrough":false,"color":"red","bold":false},{"text":"(Pig)","italic":false,"color":"gray"}]},"model":{"type":"minecraft:model","model":"slimefun/8_magical_items/broken_spawner"}},
		{"when": {"text":"","extra":[{"text":"Broken Spawner ","obfuscated":false,"italic":false,"underlined":false,"strikethrough":false,"color":"red","bold":false},{"text":"(Pillager)","italic":false,"color":"gray"}]},"model":{"type":"minecraft:model","model":"slimefun/8_magical_items/broken_spawner"}},
		{"when": {"text":"","extra":[{"text":"Broken Spawner ","obfuscated":false,"italic":false,"underlined":false,"strikethrough":false,"color":"red","bold":false},{"text":"(Polar Bear)","italic":false,"color":"gray"}]},"model":{"type":"minecraft:model","model":"slimefun/8_magical_items/broken_spawner"}},
		{"when": {"text":"","extra":[{"text":"Broken Spawner ","obfuscated":false,"italic":false,"underlined":false,"strikethrough":false,"color":"red","bold":false},{"text":"(Rabbit)","italic":false,"color":"gray"}]},"model":{"type":"minecraft:model","model":"slimefun/8_magical_items/broken_spawner"}},
		{"when": {"text":"","extra":[{"text":"Broken Spawner ","obfuscated":false,"italic":false,"underlined":false,"strikethrough":false,"color":"red","bold":false},{"text":"(Ravager)","italic":false,"color":"gray"}]},"model":{"type":"minecraft:model","model":"slimefun/8_magical_items/broken_spawner"}},
		{"when": {"text":"","extra":[{"text":"Broken Spawner ","obfuscated":false,"italic":false,"underlined":false,"strikethrough":false,"color":"red","bold":false},{"text":"(Sheep)","italic":false,"color":"gray"}]},"model":{"type":"minecraft:model","model":"slimefun/8_magical_items/broken_spawner"}},
		{"when": {"text":"","extra":[{"text":"Broken Spawner ","obfuscated":false,"italic":false,"underlined":false,"strikethrough":false,"color":"red","bold":false},{"text":"(Silverfish)","italic":false,"color":"gray"}]},"model":{"type":"minecraft:model","model":"slimefun/8_magical_items/broken_spawner"}},
		{"when": {"text":"","extra":[{"text":"Broken Spawner ","obfuscated":false,"italic":false,"underlined":false,"strikethrough":false,"color":"red","bold":false},{"text":"(Skeleton)","italic":false,"color":"gray"}]},"model":{"type":"minecraft:model","model":"slimefun/8_magical_items/broken_spawner"}},
		{"when": {"text":"","extra":[{"text":"Broken Spawner ","obfuscated":false,"italic":false,"underlined":false,"strikethrough":false,"color":"red","bold":false},{"text":"(Slime)","italic":false,"color":"gray"}]},"model":{"type":"minecraft:model","model":"slimefun/8_magical_items/broken_spawner"}},
		{"when": {"text":"","extra":[{"text":"Broken Spawner ","obfuscated":false,"italic":false,"underlined":false,"strikethrough":false,"color":"red","bold":false},{"text":"(Spider)","italic":false,"color":"gray"}]},"model":{"type":"minecraft:model","model":"slimefun/8_magical_items/broken_spawner"}},
		{"when": {"text":"","extra":[{"text":"Broken Spawner ","obfuscated":false,"italic":false,"underlined":false,"strikethrough":false,"color":"red","bold":false},{"text":"(Squid)","italic":false,"color":"gray"}]},"model":{"type":"minecraft:model","model":"slimefun/8_magical_items/broken_spawner"}},
		{"when": {"text":"","extra":[{"text":"Broken Spawner ","obfuscated":false,"italic":false,"underlined":false,"strikethrough":false,"color":"red","bold":false},{"text":"(Stray)","italic":false,"color":"gray"}]},"model":{"type":"minecraft:model","model":"slimefun/8_magical_items/broken_spawner"}},
		{"when": {"text":"","extra":[{"text":"Broken Spawner ","obfuscated":false,"italic":false,"underlined":false,"strikethrough":false,"color":"red","bold":false},{"text":"(Villager)","italic":false,"color":"gray"}]},"model":{"type":"minecraft:model","model":"slimefun/8_magical_items/broken_spawner"}},
		{"when": {"text":"","extra":[{"text":"Broken Spawner ","obfuscated":false,"italic":false,"underlined":false,"strikethrough":false,"color":"red","bold":false},{"text":"(Vindicator)","italic":false,"color":"gray"}]},"model":{"type":"minecraft:model","model":"slimefun/8_magical_items/broken_spawner"}},
		{"when": {"text":"","extra":[{"text":"Broken Spawner ","obfuscated":false,"italic":false,"underlined":false,"strikethrough":false,"color":"red","bold":false},{"text":"(Witch)","italic":false,"color":"gray"}]},"model":{"type":"minecraft:model","model":"slimefun/8_magical_items/broken_spawner"}},
		{"when": {"text":"","extra":[{"text":"Broken Spawner ","obfuscated":false,"italic":false,"underlined":false,"strikethrough":false,"color":"red","bold":false},{"text":"(Wither Skeleton)","italic":false,"color":"gray"}]},"model":{"type":"minecraft:model","model":"slimefun/8_magical_items/broken_spawner"}},
		{"when": {"text":"","extra":[{"text":"Broken Spawner ","obfuscated":false,"italic":false,"underlined":false,"strikethrough":false,"color":"red","bold":false},{"text":"(Wolf)","italic":false,"color":"gray"}]},"model":{"type":"minecraft:model","model":"slimefun/8_magical_items/broken_spawner"}},
		{"when": {"text":"","extra":[{"text":"Broken Spawner ","obfuscated":false,"italic":false,"underlined":false,"strikethrough":false,"color":"red","bold":false},{"text":"(Zombie)","italic":false,"color":"gray"}]},"model":{"type":"minecraft:model","model":"slimefun/8_magical_items/broken_spawner"}},
		{"when": {"text":"","extra":[{"text":"Broken Spawner ","obfuscated":false,"italic":false,"underlined":false,"strikethrough":false,"color":"red","bold":false},{"text":"(Zombie Villager)","italic":false,"color":"gray"}]},"model":{"type":"minecraft:model","model":"slimefun/8_magical_items/broken_spawner"}}
	],


	"fallback": {"type": "minecraft:model","model": "minecraft:item/spawner"}}}
    ]
  },
  "oversized_in_gui": true
}