{
	"model": {
	"type": "minecraft:range_dispatch",
	"property": "minecraft:custom_model_data",
	"index": 0,
	"fallback": {
		"type": "minecraft:model",
		"model": "slimefun/tropical_fish_spawn_egg_fallback"},


	"entries": [
	{"threshold": 0, "model": {"type": "minecraft:select", "property": "minecraft:component", "component": "minecraft:custom_name",
	"cases": [
		{"when": {"text":"","extra":[{"text":"Tropical Fish Scale","obfuscated":false,"italic":false,"underlined":false,"strikethrough":false,"color":"aqua","bold":false}]}, "model": {"type": "minecraft:model", "model": "slimefun/27_foxy_machines/tropical_fish_scale"}}
	],


	"fallback": {"type": "minecraft:model","model": "slimefun/tropical_fish_spawn_egg_fallback"}}}
    ]
  },
  "oversized_in_gui": true
}