{
	"model": {
	"type": "minecraft:range_dispatch",
	"property": "minecraft:custom_model_data",
	"index": 0,
	"fallback": {
		"type": "minecraft:model",
		"model": "minecraft:item/wheat_seeds"},


	"entries": [
	{"threshold": 0, "model": {"type": "minecraft:select", "property": "minecraft:component", "component": "minecraft:custom_name",
	"cases": [
		{"when": {"text":"","extra":[{"text":"Flowering Seed","obfuscated":false,"italic":false,"underlined":false,"strikethrough":false,"color":"dark_aqua","bold":false}]}, "model": {"type": "minecraft:model", "model": "slimefun/22_flower_power/flowering_seed"}}
	],


	"fallback": {"type": "minecraft:model","model": "minecraft:item/wheat_seeds"}}}
    ]
  },
  "oversized_in_gui": true
}