{
	"model": {
	"type": "minecraft:range_dispatch",
	"property": "minecraft:custom_model_data",
	"index": 0,
	"fallback": {
		"type": "minecraft:model",
		"model": "minecraft:item/white_wool"},


	"entries": [
	{"threshold": 0, "model": {"type": "minecraft:select", "property": "minecraft:component", "component": "minecraft:custom_name",
	"cases": [
		{"when": {"text":"","extra":[{"text":"Rainbow Wool","obfuscated":false,"italic":false,"underlined":false,"strikethrough":false,"color":"dark_purple","bold":false}]}, "model": {"type": "minecraft:model", "model": "slimefun/15_magical_gadgets/rainbow_wool"}},
		{"when": {"text":"","extra":[{"text":"Super Fan","obfuscated":false,"italic":false,"underlined":false,"strikethrough":false,"color":"gray","bold":false}]}, "model": {"type": "minecraft:model", "model": "slimefun/24_galactifun/galactifun/super_fan"}},
		{"when": {"text":"","extra":[{"text":"Rainbow Wool ","obfuscated":false,"italic":false,"underlined":false,"strikethrough":false,"color":"dark_purple","bold":false},{"text":"(Christmas)","italic":false,"color":"gray"}]}, "model": {"type": "minecraft:model", "model": "slimefun/christmas/rainbow_wool_xmas"}}
	],


	"fallback": {"type": "minecraft:model","model": "minecraft:item/white_wool"}}}
    ]
  },
  "oversized_in_gui": true
}