{
	"model": {
	"type": "minecraft:range_dispatch",
	"property": "minecraft:custom_model_data",
	"index": 0,
	"fallback": {
		"type": "minecraft:model",
		"model": "minecraft:block/white_stained_glass"},


	"entries": [
	{"threshold": 0, "model": {"type": "minecraft:select", "property": "minecraft:component", "component": "minecraft:custom_name",
	"cases": [
		{"when": {"text":"","extra":[{"text":"Rainbow Glass","obfuscated":false,"italic":false,"underlined":false,"strikethrough":false,"color":"dark_purple","bold":false}]}, "model": {"type": "minecraft:model", "model": "slimefun/15_magical_gadgets/rainbow_glass"}},
		{"when": {"text":"","extra":[{"text":"Rainbow Glass ","obfuscated":false,"italic":false,"underlined":false,"strikethrough":false,"color":"dark_purple","bold":false},{"text":"(Christmas)","italic":false,"color":"gray"}]}, "model": {"type": "minecraft:model", "model": "slimefun/christmas/rainbow_glass_xmas"}}
	],


	"fallback": {"type": "minecraft:model","model": "minecraft:item/white_stained_glass"}}}
    ]
  },
  "oversized_in_gui": true
}