{
	"model": {
	"type": "minecraft:range_dispatch",
	"property": "minecraft:custom_model_data",
	"index": 0,
	"fallback": {
		"type": "minecraft:model",
		"model": "minecraft:item/white_stained_glass_pane"},


	"entries": [
	{"threshold": 0, "model": {"type": "minecraft:select", "property": "minecraft:component", "component": "minecraft:custom_name",
	"cases": [
		{"when": {"text":"","extra":[{"text":" "}]}, "model": {"type": "minecraft:model", "model": "slimefun/0_ui/ui_background_white"}},
		{"when": {"text":"","extra":[{"text":"Rainbow Glass Pane","obfuscated":false,"italic":false,"underlined":false,"strikethrough":false,"color":"dark_purple","bold":false}]}, "model": {"type": "minecraft:model", "model": "slimefun/15_magical_gadgets/rainbow_glass_pane"}},
		{"when": {"text":"","extra":[{"text":"Rainbow Glass Pane ","obfuscated":false,"italic":false,"underlined":false,"strikethrough":false,"color":"dark_purple","bold":false},{"text":"(Christmas)","italic":false,"color":"gray"}]}, "model": {"type": "minecraft:model", "model": "slimefun/christmas/rainbow_glass_pane_xmas"}}
	],


	"fallback": {"type": "minecraft:model","model": "minecraft:item/white_stained_glass_pane"}}}
    ]
  },
  "oversized_in_gui": true
}