{
	"model": {
	"type": "minecraft:range_dispatch",
	"property": "minecraft:custom_model_data",
	"index": 0,
	"fallback": {
		"type": "minecraft:model",
		"model": "minecraft:item/white_glazed_terracotta"},


	"entries": [
	{"threshold": 0, "model": {"type": "minecraft:select", "property": "minecraft:component", "component": "minecraft:custom_name",
	"cases": [
		{"when": {"text":"","extra":[{"text":"Rainbow Glazed Terracotta","obfuscated":false,"italic":false,"underlined":false,"strikethrough":false,"color":"dark_purple","bold":false}]}, "model": {"type": "minecraft:model", "model": "slimefun/15_magical_gadgets/rainbow_glazed_terracotta"}},
		{"when": {"text":"","extra":[{"text":"White Crystal","obfuscated":false,"italic":false,"underlined":false,"strikethrough":false,"color":"white","bold":false}]}, "model": {"type": "minecraft:model", "model": "slimefun/22_flower_power/crystal_white"}},
		{"when": {"text":"","extra":[{"text":"Rainbow Glazed Terracotta ","obfuscated":false,"italic":false,"underlined":false,"strikethrough":false,"color":"dark_purple","bold":false},{"text":"(Christmas)","italic":false,"color":"gray"}]}, "model": {"type": "minecraft:model", "model": "slimefun/christmas/rainbow_glazed_terracotta_xmas"}}
	],


	"fallback": {"type": "minecraft:model","model": "minecraft:item/white_glazed_terracotta"}}}
    ]
  },
  "oversized_in_gui": true
}