{
	"parent": "minecraft:item/generated",
	"author": "Racingsky",
	"textures": {
		"layer0": "minecraft:item/blaze_rod"},

	"overrides": [
		{ "predicate": { "custom_model_data": 3003701}, "model": "minecraft:slimefun/20_mob_capturer/mob_cannon"},

		{ "predicate": { "custom_model_data": 3004102}, "model": "minecraft:slimefun/27_foxy_machines/electric_wind_staff"},
		{ "predicate": { "custom_model_data": 3004103}, "model": "minecraft:slimefun/27_foxy_machines/electric_fire_staff"},
		{ "predicate": { "custom_model_data": 3004104}, "model": "minecraft:slimefun/27_foxy_machines/electric_fire_staff_2"},
		{ "predicate": { "custom_model_data": 3004113}, "model": "minecraft:slimefun/27_foxy_machines/fill_wand"},
		{ "predicate": { "custom_model_data": 3004114}, "model": "minecraft:slimefun/27_foxy_machines/sponge_wand"},

		{ "predicate": { "custom_model_data": 3004902}, "model": "minecraft:slimefun/22_flower_power/magical_wand"}
	]
}