{
	"parent": "minecraft:item/generated",
	"author": "Racingsky",
	"textures": {
		"layer0": "minecraft:item/blaze_powder"},

	"overrides": [
		{ "predicate": { "custom_model_data": 3002400}, "model": "minecraft:slimefun/29_infinity_expansion/materials/ender_essence"},

		{ "predicate": { "custom_model_data": 3005537}, "model": "minecraft:slimefun/18_exotic_garden/magical_plants/slime_essence"},
		{ "predicate": { "custom_model_data": 3005501}, "model": "minecraft:slimefun/18_exotic_garden/magical_plants/dirt_essence"},
		{ "predicate": { "custom_model_data": 3005503}, "model": "minecraft:slimefun/18_exotic_garden/magical_plants/coal_essence"},
		{ "predicate": { "custom_model_data": 3005505}, "model": "minecraft:slimefun/18_exotic_garden/magical_plants/iron_essence"},
		{ "predicate": { "custom_model_data": 3005507}, "model": "minecraft:slimefun/18_exotic_garden/magical_plants/gold_essence"},
		{ "predicate": { "custom_model_data": 3005509}, "model": "minecraft:slimefun/18_exotic_garden/magical_plants/copper_essence"},
		{ "predicate": { "custom_model_data": 3005511}, "model": "minecraft:slimefun/18_exotic_garden/magical_plants/aluminum_essence"},
		{ "predicate": { "custom_model_data": 3005513}, "model": "minecraft:slimefun/18_exotic_garden/magical_plants/tin_essence"},
		{ "predicate": { "custom_model_data": 3005515}, "model": "minecraft:slimefun/18_exotic_garden/magical_plants/silver_essence"},
		{ "predicate": { "custom_model_data": 3005517}, "model": "minecraft:slimefun/18_exotic_garden/magical_plants/lead_essence"},
		{ "predicate": { "custom_model_data": 3005519}, "model": "minecraft:slimefun/18_exotic_garden/magical_plants/redstone_essence"},
		{ "predicate": { "custom_model_data": 3005521}, "model": "minecraft:slimefun/18_exotic_garden/magical_plants/lapis_essence"},
		{ "predicate": { "custom_model_data": 3005523}, "model": "minecraft:slimefun/18_exotic_garden/magical_plants/ender_essence"},
		{ "predicate": { "custom_model_data": 3005525}, "model": "minecraft:slimefun/18_exotic_garden/magical_plants/quartz_essence"},
		{ "predicate": { "custom_model_data": 3005527}, "model": "minecraft:slimefun/18_exotic_garden/magical_plants/diamond_essence"},
		{ "predicate": { "custom_model_data": 3005529}, "model": "minecraft:slimefun/18_exotic_garden/magical_plants/emerald_essence"},
		{ "predicate": { "custom_model_data": 3005531}, "model": "minecraft:slimefun/18_exotic_garden/magical_plants/netherite_essence"},
		{ "predicate": { "custom_model_data": 3005533}, "model": "minecraft:slimefun/18_exotic_garden/magical_plants/glowstone_essence"},
		{ "predicate": { "custom_model_data": 3005535}, "model": "minecraft:slimefun/18_exotic_garden/magical_plants/obsidian_essence"},
		{ "predicate": { "custom_model_data": 3005537}, "model": "minecraft:slimefun/18_exotic_garden/magical_plants/slime_essence"}
	]
}