{
	"parent": "minecraft:block/brown_terracotta",
	"author": "Racingsky",
	
	"overrides": [
		{ "predicate": { "custom_model_data": 3005716}, "model": "minecraft:slimefun/28_energy_and_electricity/electric_gold_pan"},
		{ "predicate": { "custom_model_data": 3005717}, "model": "minecraft:slimefun/28_energy_and_electricity/electric_gold_pan_2"},
		{ "predicate": { "custom_model_data": 3005718}, "model": "minecraft:slimefun/28_energy_and_electricity/electric_gold_pan_3"},
		{ "predicate": { "custom_model_data": 3005757}, "model": "minecraft:slimefun/28_energy_and_electricity/tree_growth_accel"}
	]
}