{
	"parent": "minecraft:item/generated",
	"author": "Racingsky",
	"textures": {
		"layer0": "item/cauldron"
	},
	
	"overrides": [
		{ "predicate": { "custom_model_data": 3000311}, "model": "minecraft:slimefun/3_basic_machines/ore_washer"},
		{ "predicate": { "custom_model_data": 3000313}, "model": "minecraft:slimefun/3_basic_machines/composter"},
		{ "predicate": { "custom_model_data": 3000317}, "model": "minecraft:slimefun/3_basic_machines/crucible"},

		{ "predicate": { "custom_model_data": 3004900}, "model": "minecraft:slimefun/22_flower_power/magic_basin"},
		{ "predicate": { "custom_model_data": 3004901}, "model": "minecraft:slimefun/22_flower_power/exp_cauldron"},

		{ "predicate": { "custom_model_data": 3005100}, "model": "minecraft:slimefun/18_exotic_garden/tools/kitchen"}
	]
}