{
	"parent": "minecraft:item/generated",
	"author": "Racingsky",
	"textures": {
		"layer0": "item/chainmail_helmet"
	},
	
	"overrides": [
		{"model": "minecraft:item/chainmail_helmet_quartz_trim", "predicate": {"trim_type": 0.1}},
		{"model": "minecraft:item/chainmail_helmet_iron_trim", "predicate": {"trim_type": 0.2}},
		{"model": "minecraft:item/chainmail_helmet_netherite_trim", "predicate": {"trim_type": 0.3}},
		{"model": "minecraft:item/chainmail_helmet_redstone_trim", "predicate": {"trim_type": 0.4}},
		{"model": "minecraft:item/chainmail_helmet_copper_trim", "predicate": {"trim_type": 0.5}},
		{"model": "minecraft:item/chainmail_helmet_gold_trim", "predicate": {"trim_type": 0.6}},
		{"model": "minecraft:item/chainmail_helmet_emerald_trim", "predicate": {"trim_type": 0.7}},
		{"model": "minecraft:item/chainmail_helmet_diamond_trim", "predicate": {"trim_type": 0.8}},
		{"model": "minecraft:item/chainmail_helmet_lapis_trim", "predicate": {"trim_type": 0.9}},
		{"model": "minecraft:item/chainmail_helmet_amethyst_trim", "predicate": {"trim_type": 1.0}},

		{ "predicate": { "custom_model_data": 3003915}, "model": "minecraft:slimefun/27_foxy_machines/aquatic_helmet_frame"}
	]
}