{
	"parent": "minecraft:item/generated",
	"author": "Racingsky",
	"textures": {
		"layer0": "item/chainmail_leggings"
	},
	
	"overrides": [
		{"model": "minecraft:item/chainmail_leggings_quartz_trim", "predicate": {"trim_type": 0.1}},
		{"model": "minecraft:item/chainmail_leggings_iron_trim", "predicate": {"trim_type": 0.2}},
		{"model": "minecraft:item/chainmail_leggings_netherite_trim", "predicate": {"trim_type": 0.3}},
		{"model": "minecraft:item/chainmail_leggings_redstone_trim", "predicate": {"trim_type": 0.4}},
		{"model": "minecraft:item/chainmail_leggings_copper_trim", "predicate": {"trim_type": 0.5}},
		{"model": "minecraft:item/chainmail_leggings_gold_trim", "predicate": {"trim_type": 0.6}},
		{"model": "minecraft:item/chainmail_leggings_emerald_trim", "predicate": {"trim_type": 0.7}},
		{"model": "minecraft:item/chainmail_leggings_diamond_trim", "predicate": {"trim_type": 0.8}},
		{"model": "minecraft:item/chainmail_leggings_lapis_trim", "predicate": {"trim_type": 0.9}},
		{"model": "minecraft:item/chainmail_leggings_amethyst_trim", "predicate": {"trim_type": 1.0}},

		{ "predicate": { "custom_model_data": 3003917}, "model": "minecraft:slimefun/27_foxy_machines/fiery_leggings_frame"}
	]
}