{
	"parent": "minecraft:item/generated",
	"author": "Racingsky",
	"textures": {
		"layer0": "item/cookie"
	},
	
	"overrides": [
		{ "predicate": { "custom_model_data": 3000700}, "model": "minecraft:slimefun/7_food/fortune_cookie"},
		{ "predicate": { "custom_model_data": 3000701}, "model": "minecraft:slimefun/7_food/diet_cookie"},
		{ "predicate": { "custom_model_data": 3000708}, "model": "minecraft:slimefun/7_food/kelp_cookie"},

		{ "predicate": { "custom_model_data": 3006204}, "model": "minecraft:slimefun/christmas/christmas_cookie"}
	]
}