{
	"parent": "minecraft:block/template_daylight_detector",
	"author": "Racingsky",
	"textures": {
    		"side": "minecraft:block/daylight_detector_side",
			"top": "minecraft:block/daylight_detector_top"
	},
	
	"overrides": [
		{ "predicate": { "custom_model_data": 3001005}, "model": "minecraft:slimefun/10_technical_components/solar_panel"},

		{ "predicate": { "custom_model_data": 3002375}, "model": "minecraft:slimefun/24_galactifun/relics/lenap_ayanhcenlos_ayanamolop"},

		{ "predicate": { "custom_model_data": 3005708}, "model": "minecraft:slimefun/28_energy_and_electricity/solar_generator"},
		{ "predicate": { "custom_model_data": 3005709}, "model": "minecraft:slimefun/28_energy_and_electricity/solar_generator_advanced"},
		{ "predicate": { "custom_model_data": 3005710}, "model": "minecraft:slimefun/28_energy_and_electricity/solar_generator_carbonado"},
		{ "predicate": { "custom_model_data": 3005711}, "model": "minecraft:slimefun/28_energy_and_electricity/solar_generator_energized"}
	]
}