{
	"parent": "minecraft:item/handheld",
	"author": "Racingsky",
	"textures": {
		"layer0": "item/diamond_pickaxe"
	},
	
	"overrides": [
		{ "predicate": { "custom_model_data": 3000316}, "model": "minecraft:slimefun/3_basic_machines/advanced_industrial_miner"},

		{ "predicate": { "custom_model_data": 3000403}, "model": "minecraft:slimefun/4_tools/smelters_pickaxe"},

		{ "predicate": { "custom_model_data": 3000406}, "model": "minecraft:slimefun/4_tools/explosive_pickaxe"},
		{ "predicate": { "custom_model_data": 3000408}, "model": "minecraft:slimefun/4_tools/pickaxe_of_the_seeker"},
		{ "predicate": { "custom_model_data": 3000410}, "model": "minecraft:slimefun/4_tools/pickaxe_of_vein_mining"},
		{ "predicate": { "custom_model_data": 3000412}, "model": "minecraft:slimefun/4_tools/soulbound_pickaxe"}
	]
}