{
	"parent": "minecraft:item/generated",
	"author": "Racingsky",
	"textures": {
   		 "layer0": "minecraft:item/diamond_chestplate"
	},
	
	"overrides": [
		{"model": "minecraft:item/diamond_chestplate_quartz_trim", "predicate": {"trim_type": 0.1}},
		{"model": "minecraft:item/diamond_chestplate_iron_trim", "predicate": {"trim_type": 0.2}},
		{"model": "minecraft:item/diamond_chestplate_netherite_trim", "predicate": {"trim_type": 0.3}},
		{"model": "minecraft:item/diamond_chestplate_redstone_trim", "predicate": {"trim_type": 0.4}},
		{"model": "minecraft:item/diamond_chestplate_copper_trim", "predicate": {"trim_type": 0.5}},
		{"model": "minecraft:item/diamond_chestplate_gold_trim", "predicate": {"trim_type": 0.6}},
		{"model": "minecraft:item/diamond_chestplate_emerald_trim", "predicate": {"trim_type": 0.7}},
		{"model": "minecraft:item/diamond_chestplate_diamond_darker_trim", "predicate": {"trim_type": 0.8}},
		{"model": "minecraft:item/diamond_chestplate_lapis_trim", "predicate": {"trim_type": 0.9}},
		{"model": "minecraft:item/diamond_chestplate_amethyst_trim", "predicate": {"trim_type": 1.0}},

		{ "predicate": { "custom_model_data": 3002803}, "model": "minecraft:slimefun/29_infinity_expansion/mob_simulation/data_card_zombie"},
		{ "predicate": { "custom_model_data": 3002808}, "model": "minecraft:slimefun/29_infinity_expansion/mob_simulation/data_card_spider"},
		{ "predicate": { "custom_model_data": 3002809}, "model": "minecraft:slimefun/29_infinity_expansion/mob_simulation/data_card_skeleton"},
		{ "predicate": { "custom_model_data": 3002810}, "model": "minecraft:slimefun/29_infinity_expansion/mob_simulation/data_card_wither_skeleton"},
		{ "predicate": { "custom_model_data": 3002811}, "model": "minecraft:slimefun/29_infinity_expansion/mob_simulation/data_card_endermen"},
		{ "predicate": { "custom_model_data": 3002812}, "model": "minecraft:slimefun/29_infinity_expansion/mob_simulation/data_card_creeper"},
		{ "predicate": { "custom_model_data": 3002813}, "model": "minecraft:slimefun/29_infinity_expansion/mob_simulation/data_card_guardian"},
		{ "predicate": { "custom_model_data": 3002815}, "model": "minecraft:slimefun/29_infinity_expansion/mob_simulation/data_card_iron_golem"},
		{ "predicate": { "custom_model_data": 3002816}, "model": "minecraft:slimefun/29_infinity_expansion/mob_simulation/data_card_blaze"},
		{ "predicate": { "custom_model_data": 3002821}, "model": "minecraft:slimefun/29_infinity_expansion/mob_simulation/data_card_witch"}
	]
}