{
	"parent": "minecraft:block/dispenser",
	"author": "Racingsky",
	"textures": {
		"layer0": "block/dispenser"
	},
	
	"overrides": [
		{ "predicate": { "custom_model_data": 3000302}, "model": "minecraft:slimefun/3_basic_machines/grind_stone"},
		{ "predicate": { "custom_model_data": 3000304}, "model": "minecraft:slimefun/3_basic_machines/ore_crusher"},
		{ "predicate": { "custom_model_data": 3000332}, "model": "minecraft:slimefun/3_basic_machines/block_placer"},

		{ "predicate": { "custom_model_data": 3001615}, "model": "minecraft:slimefun/15_magical_gadgets/ancient_pedestal"},

		{ "predicate": { "custom_model_data": 3002217}, "model": "minecraft:slimefun/24_galactifun/machines/efg"},

		{ "predicate": { "custom_model_data": 3005900}, "model": "minecraft:slimefun/31_androids/android_interface_items"},
		{ "predicate": { "custom_model_data": 3005901}, "model": "minecraft:slimefun/31_androids/android_interface_fuel"}
	]
}