{
	"parent": "minecraft:item/generated",
	"author": "Racingsky",
	"textures": {
		"layer0": "item/elytra"
	},
	
	"overrides": [
		{ "predicate": {"broken": 1}, "model": "item/broken_elytra"},

		{ "predicate": { "custom_model_data": 3000927}, "model": "minecraft:slimefun/9_magical_armor/bee_wings"},
		{ "predicate": { "custom_model_data": 3000927, "broken": 1}, "model": "minecraft:slimefun/9_magical_armor/bee_wings_broken"},

		{ "predicate": { "custom_model_data": 3001620}, "model": "minecraft:slimefun/15_magical_gadgets/infused_elytra"},
		{ "predicate": { "custom_model_data": 3001620, "broken": 1}, "model": "minecraft:slimefun/15_magical_gadgets/infused_elytra_broken"},
		{ "predicate": { "custom_model_data": 3001621}, "model": "minecraft:slimefun/15_magical_gadgets/soulbound_elytra"},
		{ "predicate": { "custom_model_data": 3001621, "broken": 1}, "model": "minecraft:slimefun/15_magical_gadgets/soulbound_elytra_broken"}
	]
}