{
	"parent": "minecraft:item/generated",
	"author": "Racingsky",
	"textures": {
		"layer0": "item/emerald"
	},
	
	"overrides": [
		{ "predicate": { "custom_model_data": 3000552}, "model": "minecraft:slimefun/5_resources/synthetic_emerald"},

		{ "predicate": { "custom_model_data": 3000809}, "model": "minecraft:slimefun/8_magical_items/common_talisman"},

		{ "predicate": { "custom_model_data": 3001300}, "model": "minecraft:slimefun/13_talisman/talisman_anvil"},
		{ "predicate": { "custom_model_data": 3001301}, "model": "minecraft:slimefun/13_talisman/talisman_miner"},
		{ "predicate": { "custom_model_data": 3001302}, "model": "minecraft:slimefun/13_talisman/talisman_farmer"},
		{ "predicate": { "custom_model_data": 3001303}, "model": "minecraft:slimefun/13_talisman/talisman_hunter"},
		{ "predicate": { "custom_model_data": 3001304}, "model": "minecraft:slimefun/13_talisman/talisman_lava"},
		{ "predicate": { "custom_model_data": 3001305}, "model": "minecraft:slimefun/13_talisman/talisman_water"},
		{ "predicate": { "custom_model_data": 3001306}, "model": "minecraft:slimefun/13_talisman/talisman_angel"},
		{ "predicate": { "custom_model_data": 3001307}, "model": "minecraft:slimefun/13_talisman/talisman_fire"},
		{ "predicate": { "custom_model_data": 3001308}, "model": "minecraft:slimefun/13_talisman/talisman_magician"},
		{ "predicate": { "custom_model_data": 3001309}, "model": "minecraft:slimefun/13_talisman/talisman_traveller"},
		{ "predicate": { "custom_model_data": 3001310}, "model": "minecraft:slimefun/13_talisman/talisman_warrior"},
		{ "predicate": { "custom_model_data": 3001311}, "model": "minecraft:slimefun/13_talisman/talisman_knight"},
		{ "predicate": { "custom_model_data": 3001312}, "model": "minecraft:slimefun/13_talisman/talisman_caveman"},
		{ "predicate": { "custom_model_data": 3001313}, "model": "minecraft:slimefun/13_talisman/talisman_wise"},
		{ "predicate": { "custom_model_data": 3001314}, "model": "minecraft:slimefun/13_talisman/talisman_whirlwind"},
		{ "predicate": { "custom_model_data": 3001315}, "model": "minecraft:slimefun/13_talisman/talisman_wizard"},

		{ "predicate": { "custom_model_data": 3001800}, "model": "minecraft:slimefun/13_talisman/ender_talisman"},
		{ "predicate": { "custom_model_data": 3001801}, "model": "minecraft:slimefun/13_talisman/ender_talisman_anvil"},
		{ "predicate": { "custom_model_data": 3001802}, "model": "minecraft:slimefun/13_talisman/ender_talisman_miner"},
		{ "predicate": { "custom_model_data": 3001803}, "model": "minecraft:slimefun/13_talisman/ender_talisman_farmer"},
		{ "predicate": { "custom_model_data": 3001804}, "model": "minecraft:slimefun/13_talisman/ender_talisman_hunter"},
		{ "predicate": { "custom_model_data": 3001805}, "model": "minecraft:slimefun/13_talisman/ender_talisman_lava"},
		{ "predicate": { "custom_model_data": 3001806}, "model": "minecraft:slimefun/13_talisman/ender_talisman_water"},
		{ "predicate": { "custom_model_data": 3001807}, "model": "minecraft:slimefun/13_talisman/ender_talisman_angel"},
		{ "predicate": { "custom_model_data": 3001808}, "model": "minecraft:slimefun/13_talisman/ender_talisman_fire"},
		{ "predicate": { "custom_model_data": 3001809}, "model": "minecraft:slimefun/13_talisman/ender_talisman_magician"},
		{ "predicate": { "custom_model_data": 3001810}, "model": "minecraft:slimefun/13_talisman/ender_talisman_traveller"},
		{ "predicate": { "custom_model_data": 3001811}, "model": "minecraft:slimefun/13_talisman/ender_talisman_warrior"},
		{ "predicate": { "custom_model_data": 3001812}, "model": "minecraft:slimefun/13_talisman/ender_talisman_knight"},
		{ "predicate": { "custom_model_data": 3001813}, "model": "minecraft:slimefun/13_talisman/ender_talisman_caveman"},
		{ "predicate": { "custom_model_data": 3001814}, "model": "minecraft:slimefun/13_talisman/ender_talisman_wise"},
		{ "predicate": { "custom_model_data": 3001815}, "model": "minecraft:slimefun/13_talisman/ender_talisman_whirlwind"},
		{ "predicate": { "custom_model_data": 3001816}, "model": "minecraft:slimefun/13_talisman/ender_talisman_wizard"},

		{ "predicate": { "custom_model_data": 3002425}, "model": "minecraft:slimefun/29_infinity_expansion/materials/oscillator_emerald"},

		{ "predicate": { "custom_model_data": 3003928}, "model": "minecraft:slimefun/27_foxy_machines/equanimous_gem"}
	]
}