{
	"parent": "minecraft:block/block",
	"author": "Racingsky",
    	"textures": {
        	"particle": "block/enchanting_table_bottom",
        	"bottom": "block/enchanting_table_bottom",
        	"top": "block/enchanting_table_top",
        	"side": "block/enchanting_table_side"
	    },
    "elements": [
        {   "from": [ 0, 0, 0 ],
            "to": [ 16, 12, 16 ],
            "faces": {
                "down":  { "uv": [ 0, 0, 16, 16 ], "texture": "#bottom", "cullface": "down" },
                "up":    { "uv": [ 0, 0, 16, 16 ], "texture": "#top" },
                "north": { "uv": [ 0, 4, 16, 16 ], "texture": "#side", "cullface": "north" },
                "south": { "uv": [ 0, 4, 16, 16 ], "texture": "#side", "cullface": "south" },
                "west":  { "uv": [ 0, 4, 16, 16 ], "texture": "#side", "cullface": "west" },
                "east":  { "uv": [ 0, 4, 16, 16 ], "texture": "#side", "cullface": "east" }
            }
        }
    ],
	
	"overrides": [
		{ "predicate": { "custom_model_data": 3001616}, "model": "minecraft:slimefun/15_magical_gadgets/ancient_altar"},

		{ "predicate": { "custom_model_data": 3005742}, "model": "minecraft:slimefun/28_energy_and_electricity/auto_enchanter"},
		{ "predicate": { "custom_model_data": 3005743}, "model": "minecraft:slimefun/28_energy_and_electricity/auto_enchanter_2"},
		{ "predicate": { "custom_model_data": 3005744}, "model": "minecraft:slimefun/28_energy_and_electricity/auto_disenchanter"},
		{ "predicate": { "custom_model_data": 3005745}, "model": "minecraft:slimefun/28_energy_and_electricity/auto_disenchanter_2"}
	]
}