{
	"parent": "minecraft:item/generated",
	"author": "Racingsky",
	"textures": {
		"layer0": "item/firework_star",
		"layer1": "item/firework_star_overlay"
	},
	
	"overrides": [
		{ "predicate": { "custom_model_data": 3000550}, "model": "minecraft:slimefun/5_resources/silicon"},

		{ "predicate": { "custom_model_data": 3000814}, "model": "minecraft:slimefun/8_magical_items/blank_rune"},
		{ "predicate": { "custom_model_data": 3000815}, "model": "minecraft:slimefun/8_magical_items/ancient_rune_air"},
		{ "predicate": { "custom_model_data": 3000816}, "model": "minecraft:slimefun/8_magical_items/ancient_rune_earth"},
		{ "predicate": { "custom_model_data": 3000817}, "model": "minecraft:slimefun/8_magical_items/ancient_rune_fire"},
		{ "predicate": { "custom_model_data": 3000818}, "model": "minecraft:slimefun/8_magical_items/ancient_rune_water"},
		{ "predicate": { "custom_model_data": 3000819}, "model": "minecraft:slimefun/8_magical_items/ancient_rune_ender"},
		{ "predicate": { "custom_model_data": 3000820}, "model": "minecraft:slimefun/8_magical_items/ancient_rune_lightning"},
		{ "predicate": { "custom_model_data": 3000821}, "model": "minecraft:slimefun/8_magical_items/ancient_rune_rainbow"},
		{ "predicate": { "custom_model_data": 3000822}, "model": "minecraft:slimefun/8_magical_items/ancient_rune_soulbound"},
		{ "predicate": { "custom_model_data": 3000823}, "model": "minecraft:slimefun/8_magical_items/ancient_rune_enchantment"},
		{ "predicate": { "custom_model_data": 3000824}, "model": "minecraft:slimefun/8_magical_items/ancient_rune_villager"},

		{ "predicate": { "custom_model_data": 3003309}, "model": "minecraft:slimefun/21_slimy_treetaps/rubber"},

		{ "predicate": { "custom_model_data": 3004100}, "model": "minecraft:slimefun/27_foxy_machines/unbreakable_rune"}
	]
}