{
	"parent": "item/handheld_rod",
	"author": "Racingsky",
	"textures": {
		"layer0": "item/fishing_rod"
	},
	
	"overrides": [
		{"predicate": {"cast": 1}, "model": "item/fishing_rod_cast"},
		{ "predicate": { "custom_model_data": 3002500}, "model": "minecraft:slimefun/29_infinity_expansion/basic_machines/basic_strainer"},
		{ "predicate": { "custom_model_data": 3002501}, "model": "minecraft:slimefun/29_infinity_expansion/basic_machines/advanced_strainer"},
		{ "predicate": { "custom_model_data": 3002502}, "model": "minecraft:slimefun/29_infinity_expansion/basic_machines/reinforced_strainer"},

		{ "predicate": { "custom_model_data": 3004101}, "model": "minecraft:slimefun/27_foxy_machines/poseidons_fishing_rod"},
		{ "predicate": { "custom_model_data": 3004101, "cast": 1}, "model": "minecraft:slimefun/27_foxy_machines/poseidons_fishing_rod_cast"}
	]
}