{
	"parent": "minecraft:item/generated",
	"author": "Racingsky",
	"textures": {
		"layer0": "item/flint_and_steel"
	},
	
	"overrides": [
		{ "predicate": { "custom_model_data": 3002010}, "model": "minecraft:slimefun/24_galactifun/galactifun/rocket_engine"},
		{ "predicate": { "custom_model_data": 3002011}, "model": "minecraft:slimefun/24_galactifun/galactifun/rocket_engine_mk2"},
		{ "predicate": { "custom_model_data": 3002012}, "model": "minecraft:slimefun/24_galactifun/galactifun/rocket_engine_mk3"},
		{ "predicate": { "custom_model_data": 3002013}, "model": "minecraft:slimefun/24_galactifun/galactifun/ion_engine"},

		{ "predicate": { "custom_model_data": 3002113}, "model": "minecraft:slimefun/24_galactifun/components/spark_plug"},
		{ "predicate": { "custom_model_data": 3002114}, "model": "minecraft:slimefun/24_galactifun/components/spark_plug_mk2"}
	]
}