{
	"parent": "minecraft:item/generated",
	"author": "Racingsky",
	"textures": {
		"layer0": "item/golden_helmet"
	},
	
	"overrides": [
		{"model": "minecraft:item/golden_helmet_quartz_trim", "predicate": {"trim_type": 0.1}},
		{"model": "minecraft:item/golden_helmet_iron_trim", "predicate": {"trim_type": 0.2}},
		{"model": "minecraft:item/golden_helmet_netherite_trim", "predicate": {"trim_type": 0.3}},
		{"model": "minecraft:item/golden_helmet_redstone_trim", "predicate": {"trim_type": 0.4}},
		{"model": "minecraft:item/golden_helmet_copper_trim", "predicate": {"trim_type": 0.5}},
		{"model": "minecraft:item/golden_helmet_gold_darker_trim", "predicate": {"trim_type": 0.6}},
		{"model": "minecraft:item/golden_helmet_emerald_trim", "predicate": {"trim_type": 0.7}},
		{"model": "minecraft:item/golden_helmet_diamond_trim", "predicate": {"trim_type": 0.8}},
		{"model": "minecraft:item/golden_helmet_lapis_trim", "predicate": {"trim_type": 0.9}},
		{"model": "minecraft:item/golden_helmet_amethyst_trim", "predicate": {"trim_type": 1.0}},

		{ "predicate": { "custom_model_data": 3000926}, "model": "minecraft:slimefun/9_magical_armor/bee_helmet"},

		{ "predicate": { "custom_model_data": 3001216}, "model": "minecraft:slimefun/12_armor/gilded_iron_helmet"},
		{ "predicate": { "custom_model_data": 3001224}, "model": "minecraft:slimefun/12_armor/gold_12k_helmet"}
	]
}