{
	"parent": "minecraft:item/generated",
	"author": "Racingsky",
	"textures": {
		"layer0": "item/golden_leggings"
	},
	
	"overrides": [
		{"model": "minecraft:item/golden_leggings_quartz_trim", "predicate": {"trim_type": 0.1}},
		{"model": "minecraft:item/golden_leggings_iron_trim", "predicate": {"trim_type": 0.2}},
		{"model": "minecraft:item/golden_leggings_netherite_trim", "predicate": {"trim_type": 0.3}},
		{"model": "minecraft:item/golden_leggings_redstone_trim", "predicate": {"trim_type": 0.4}},
		{"model": "minecraft:item/golden_leggings_copper_trim", "predicate": {"trim_type": 0.5}},
		{"model": "minecraft:item/golden_leggings_gold_darker_trim", "predicate": {"trim_type": 0.6}},
		{"model": "minecraft:item/golden_leggings_emerald_trim", "predicate": {"trim_type": 0.7}},
		{"model": "minecraft:item/golden_leggings_diamond_trim", "predicate": {"trim_type": 0.8}},
		{"model": "minecraft:item/golden_leggings_lapis_trim", "predicate": {"trim_type": 0.9}},
		{"model": "minecraft:item/golden_leggings_amethyst_trim", "predicate": {"trim_type": 1.0}},

		{ "predicate": { "custom_model_data": 3000928}, "model": "minecraft:slimefun/9_magical_armor/bee_leggings"},

		{ "predicate": { "custom_model_data": 3001218}, "model": "minecraft:slimefun/12_armor/gilded_iron_leggings"},
		{ "predicate": { "custom_model_data": 3001226}, "model": "minecraft:slimefun/12_armor/gold_12k_leggings"}
	]
}