{
	"parent": "minecraft:item/generated",
	"author": "Racingsky",
	"textures": {
		"layer0": "item/golden_chestplate"
	},
	
	"overrides": [
		{"model": "minecraft:item/golden_chestplate_quartz_trim", "predicate": {"trim_type": 0.1}},
		{"model": "minecraft:item/golden_chestplate_iron_trim", "predicate": {"trim_type": 0.2}},
		{"model": "minecraft:item/golden_chestplate_netherite_trim", "predicate": {"trim_type": 0.3}},
		{"model": "minecraft:item/golden_chestplate_redstone_trim", "predicate": {"trim_type": 0.4}},
		{"model": "minecraft:item/golden_chestplate_copper_trim", "predicate": {"trim_type": 0.5}},
		{"model": "minecraft:item/golden_chestplate_gold_darker_trim", "predicate": {"trim_type": 0.6}},
		{"model": "minecraft:item/golden_chestplate_emerald_trim", "predicate": {"trim_type": 0.7}},
		{"model": "minecraft:item/golden_chestplate_diamond_trim", "predicate": {"trim_type": 0.8}},
		{"model": "minecraft:item/golden_chestplate_lapis_trim", "predicate": {"trim_type": 0.9}},
		{"model": "minecraft:item/golden_chestplate_amethyst_trim", "predicate": {"trim_type": 1.0}},

		{ "predicate": { "custom_model_data": 3001217}, "model": "minecraft:slimefun/12_armor/gilded_iron_chestplate"},
		{ "predicate": { "custom_model_data": 3001225}, "model": "minecraft:slimefun/12_armor/gold_12k_chestplate"}
	]
}