{
	"parent": "minecraft:item/generated",
	"author": "Racingsky",
	"textures": {
		"layer0": "item/gold_ingot"
	},
	
	"overrides": [
		{ "predicate": { "custom_model_data": 3000507}, "model": "minecraft:slimefun/5_resources/brass_ingot"},
		{ "predicate": { "custom_model_data": 3000508}, "model": "minecraft:slimefun/5_resources/aluminum_brass_ingot"},
		{ "predicate": { "custom_model_data": 3000509}, "model": "minecraft:slimefun/5_resources/aluminum_bronze_ingot"},
		{ "predicate": { "custom_model_data": 3000510}, "model": "minecraft:slimefun/5_resources/corinthian_bronze_ingot"},
		{ "predicate": { "custom_model_data": 3000539}, "model": "minecraft:slimefun/5_resources/carat_gold_24"},
		{ "predicate": { "custom_model_data": 3000540}, "model": "minecraft:slimefun/5_resources/carat_gold_22"},
		{ "predicate": { "custom_model_data": 3000541}, "model": "minecraft:slimefun/5_resources/carat_gold_20"},
		{ "predicate": { "custom_model_data": 3000542}, "model": "minecraft:slimefun/5_resources/carat_gold_18"},
		{ "predicate": { "custom_model_data": 3000543}, "model": "minecraft:slimefun/5_resources/carat_gold_16"},
		{ "predicate": { "custom_model_data": 3000544}, "model": "minecraft:slimefun/5_resources/carat_gold_14"},
		{ "predicate": { "custom_model_data": 3000545}, "model": "minecraft:slimefun/5_resources/carat_gold_12"},
		{ "predicate": { "custom_model_data": 3000546}, "model": "minecraft:slimefun/5_resources/carat_gold_10"},
		{ "predicate": { "custom_model_data": 3000547}, "model": "minecraft:slimefun/5_resources/carat_gold_8"},
		{ "predicate": { "custom_model_data": 3000548}, "model": "minecraft:slimefun/5_resources/carat_gold_6"},
		{ "predicate": { "custom_model_data": 3000549}, "model": "minecraft:slimefun/5_resources/carat_gold_4"},
		{ "predicate": { "custom_model_data": 3000551}, "model": "minecraft:slimefun/5_resources/gilded_iron"},
		{ "predicate": { "custom_model_data": 3000559}, "model": "minecraft:slimefun/5_resources/blistering_ingot_33"},
		{ "predicate": { "custom_model_data": 3000560}, "model": "minecraft:slimefun/5_resources/blistering_ingot_66"},
		{ "predicate": { "custom_model_data": 3000561}, "model": "minecraft:slimefun/5_resources/blistering_ingot"},

		{ "predicate": { "custom_model_data": 3002100}, "model": "minecraft:slimefun/24_galactifun/components/volcanic_ingot"},
		{ "predicate": { "custom_model_data": 3002126}, "model": "minecraft:slimefun/24_galactifun/components/blistering_volcanic_ingot"},

		{ "predicate": { "custom_model_data": 3002420}, "model": "minecraft:slimefun/29_infinity_expansion/materials/machine_circuit"},

		{ "predicate": { "custom_model_data": 3003909}, "model": "minecraft:slimefun/27_foxy_machines/demonic_ingot"},
		{ "predicate": { "custom_model_data": 3003911}, "model": "minecraft:slimefun/27_foxy_machines/damienium"},
		{ "predicate": { "custom_model_data": 3003912}, "model": "minecraft:slimefun/27_foxy_machines/sweet_ingot"},
		{ "predicate": { "custom_model_data": 3003913}, "model": "minecraft:slimefun/27_foxy_machines/sweetened_sweet_ingot"},

		{ "predicate": { "custom_model_data": 3006572}, "model": "minecraft:slimefun/23_slime_tinker/materials/nice_ingot"},
		{ "predicate": { "custom_model_data": 3006578}, "model": "minecraft:slimefun/23_slime_tinker/materials/anniversarium_ingot"}
	]
}