{
	"parent": "minecraft:item/generated",
	"author": "Racingsky",
	"textures": {
		"layer0": "block/gray_stained_glass"
	},
	
	"overrides": [
		{ "predicate": { "custom_model_data": 3000001}, "model": "minecraft:slimefun/0_ui/ui_background"},

		{ "predicate": { "custom_model_data": 3001012}, "model": "minecraft:slimefun/10_technical_components/hardened_glass"},

		{ "predicate": { "custom_model_data": 3005731}, "model": "minecraft:slimefun/28_energy_and_electricity/heated_pressure_chamber"},
		{ "predicate": { "custom_model_data": 3005732}, "model": "minecraft:slimefun/28_energy_and_electricity/heated_pressure_chamber"}
	]
  }