{
	"parent": "minecraft:item/generated",
	"author": "Racingsky",
	"textures": {
		"layer0": "item/gunpowder"
	},
	
	"overrides": [
		{ "predicate": { "custom_model_data": 3000519}, "model": "minecraft:slimefun/5_resources/iron_dust"},
		{ "predicate": { "custom_model_data": 3000524}, "model": "minecraft:slimefun/5_resources/lead_dust"},

		{ "predicate": { "custom_model_data": 3000811}, "model": "minecraft:slimefun/8_magical_items/essence_of_afterlife"},

		{ "predicate": { "custom_model_data": 3001100}, "model": "minecraft:slimefun/11_misc_items/sifted_ore"},
		{ "predicate": { "custom_model_data": 3001110}, "model": "minecraft:slimefun/11_misc_items/crushed_ore"},
		{ "predicate": { "custom_model_data": 3001111}, "model": "minecraft:slimefun/11_misc_items/pulverized_ore"},
		{ "predicate": { "custom_model_data": 3001112}, "model": "minecraft:slimefun/11_misc_items/pure_ore_cluster"},

		{ "predicate": { "custom_model_data": 3002122}, "model": "minecraft:slimefun/24_galactifun/components/munpowder"},

		{ "predicate": { "custom_model_data": 3002406}, "model": "minecraft:slimefun/29_infinity_expansion/materials/void_dust"},

		{ "predicate": { "custom_model_data": 3003602}, "model": "minecraft:slimefun/25_potion_expansion/coal_powder"},
		{ "predicate": { "custom_model_data": 3003603}, "model": "minecraft:slimefun/25_potion_expansion/iron_powder"},
		{ "predicate": { "custom_model_data": 3003606}, "model": "minecraft:slimefun/25_potion_expansion/lapis_powder"}
	]
}