{
	"parent": "minecraft:item/generated",
	"author": "Racingsky",
	"textures": {
		"layer0": "item/iron_ingot"
	},
	
	"overrides": [
		{ "predicate": { "custom_model_data": 3000500}, "model": "minecraft:slimefun/5_resources/reinforced_alloy_ingot"},
		{ "predicate": { "custom_model_data": 3000501}, "model": "minecraft:slimefun/5_resources/hardened_metal_ingot"},
		{ "predicate": { "custom_model_data": 3000502}, "model": "minecraft:slimefun/5_resources/damascus_steel_ingot"},
		{ "predicate": { "custom_model_data": 3000503}, "model": "minecraft:slimefun/5_resources/steel_ingot"},
		{ "predicate": { "custom_model_data": 3000505}, "model": "minecraft:slimefun/5_resources/duralumin_ingot"},
		{ "predicate": { "custom_model_data": 3000506}, "model": "minecraft:slimefun/5_resources/billon_ingot"},
		{ "predicate": { "custom_model_data": 3000511}, "model": "minecraft:slimefun/5_resources/solder_ingot"},
		{ "predicate": { "custom_model_data": 3000515}, "model": "minecraft:slimefun/5_resources/nickel_ingot"},
		{ "predicate": { "custom_model_data": 3000516}, "model": "minecraft:slimefun/5_resources/cobalt_ingot"},
		{ "predicate": { "custom_model_data": 3000518}, "model": "minecraft:slimefun/5_resources/ferrosilicon"},
		{ "predicate": { "custom_model_data": 3000529}, "model": "minecraft:slimefun/5_resources/tin_ingot"},
		{ "predicate": { "custom_model_data": 3000530}, "model": "minecraft:slimefun/5_resources/silver_ingot"},
		{ "predicate": { "custom_model_data": 3000531}, "model": "minecraft:slimefun/5_resources/lead_ingot"},
		{ "predicate": { "custom_model_data": 3000532}, "model": "minecraft:slimefun/5_resources/aluminum_ingot"},
		{ "predicate": { "custom_model_data": 3000533}, "model": "minecraft:slimefun/5_resources/zinc_ingot"},
		{ "predicate": { "custom_model_data": 3000534}, "model": "minecraft:slimefun/5_resources/magnesium_ingot"},

		{ "predicate": { "custom_model_data": 3002101}, "model": "minecraft:slimefun/24_galactifun/components/aluminum_composite"},
		{ "predicate": { "custom_model_data": 3002125}, "model": "minecraft:slimefun/24_galactifun/components/tungsten_carbide"},

		{ "predicate": { "custom_model_data": 3002408}, "model": "minecraft:slimefun/29_infinity_expansion/materials/infinity_ingot"},
		{ "predicate": { "custom_model_data": 3002414}, "model": "minecraft:slimefun/29_infinity_expansion/materials/titanium"},
		{ "predicate": { "custom_model_data": 3002415}, "model": "minecraft:slimefun/29_infinity_expansion/materials/mythril"},

		{ "predicate": { "custom_model_data": 3006557}, "model": "minecraft:slimefun/23_slime_tinker/materials/sefirite_ingot"},
		{ "predicate": { "custom_model_data": 3006560}, "model": "minecraft:slimefun/23_slime_tinker/materials/cringleium_ingot"},
		{ "predicate": { "custom_model_data": 3006575}, "model": "minecraft:slimefun/23_slime_tinker/materials/smithium_ingot"}
	]
}