{
	"parent": "minecraft:item/generated",
	"author": "Racingsky",
	"textures": {
   		 "layer0": "minecraft:item/leather_leggings",
  		 "layer1": "minecraft:item/leather_leggings_overlay"
	},
	
	"overrides": [
		{"model": "minecraft:item/leather_leggings_quartz_trim", "predicate": {"trim_type": 0.1}},
		{"model": "minecraft:item/leather_leggings_iron_trim", "predicate": {"trim_type": 0.2}},
		{"model": "minecraft:item/leather_leggings_netherite_trim", "predicate": {"trim_type": 0.3}},
		{"model": "minecraft:item/leather_leggings_redstone_trim", "predicate": {"trim_type": 0.4}},
		{"model": "minecraft:item/leather_leggings_copper_trim", "predicate": {"trim_type": 0.5}},
		{"model": "minecraft:item/leather_leggings_gold_trim", "predicate": {"trim_type": 0.6}},
		{"model": "minecraft:item/leather_leggings_emerald_trim", "predicate": {"trim_type": 0.7}},
		{"model": "minecraft:item/leather_leggings_diamond_trim", "predicate": {"trim_type": 0.8}},
		{"model": "minecraft:item/leather_leggings_lapis_trim", "predicate": {"trim_type": 0.9}},
		{"model": "minecraft:item/leather_leggings_amethyst_trim", "predicate": {"trim_type": 1.0}},

		{ "predicate": { "custom_model_data": 3000603}, "model": "minecraft:slimefun/6_extragear/copper_leggings"},

		{ "predicate": { "custom_model_data": 3000902}, "model": "minecraft:slimefun/9_magical_armor/ender_leggings"},
		{ "predicate": { "custom_model_data": 3000906}, "model": "minecraft:slimefun/9_magical_armor/slime_leggings"},
		{ "predicate": { "custom_model_data": 3000910}, "model": "minecraft:slimefun/9_magical_armor/glowstone_leggings"},
		{ "predicate": { "custom_model_data": 3000914}, "model": "minecraft:slimefun/9_magical_armor/rainbow_leggings"},

		{ "predicate": { "custom_model_data": 3001210}, "model": "minecraft:slimefun/12_armor/cactus_leggings"},
		{ "predicate": { "custom_model_data": 3001222}, "model": "minecraft:slimefun/12_armor/hazmat_leggings"}
	]
}