{
	"parent": "minecraft:item/generated",
	"author": "Racingsky",
	"textures": {
   		 "layer0": "minecraft:item/leather_helmet",
  		 "layer1": "minecraft:item/leather_helmet_overlay"
	},
	
	"overrides": [
  		{"model": "minecraft:item/leather_helmet_quartz_trim", "predicate": {"trim_type": 0.1}},
  		{"model": "minecraft:item/leather_helmet_iron_trim", "predicate": {"trim_type": 0.2}},
  		{"model": "minecraft:item/leather_helmet_netherite_trim", "predicate": {"trim_type": 0.3}},
   		{"model": "minecraft:item/leather_helmet_redstone_trim", "predicate": {"trim_type": 0.4}},
  		{"model": "minecraft:item/leather_helmet_copper_trim", "predicate": {"trim_type": 0.5}},
  		{"model": "minecraft:item/leather_helmet_gold_trim", "predicate": {"trim_type": 0.6}},
  		{"model": "minecraft:item/leather_helmet_emerald_trim", "predicate": {"trim_type": 0.7}},
   		{"model": "minecraft:item/leather_helmet_diamond_trim", "predicate": {"trim_type": 0.8}},
 		{"model": "minecraft:item/leather_helmet_lapis_trim", "predicate": {"trim_type": 0.9}},
  		{"model": "minecraft:item/leather_helmet_amethyst_trim", "predicate": {"trim_type": 1.0}},

		{ "predicate": { "custom_model_data": 3000601}, "model": "minecraft:slimefun/6_extragear/copper_helmet"},

		{ "predicate": { "custom_model_data": 3000900}, "model": "minecraft:slimefun/9_magical_armor/ender_helmet"},
		{ "predicate": { "custom_model_data": 3000904}, "model": "minecraft:slimefun/9_magical_armor/slime_helmet"},
		{ "predicate": { "custom_model_data": 3000908}, "model": "minecraft:slimefun/9_magical_armor/glowstone_helmet"},
		{ "predicate": { "custom_model_data": 3000912}, "model": "minecraft:slimefun/9_magical_armor/rainbow_helmet"},
		{ "predicate": { "custom_model_data": 3000930}, "model": "minecraft:slimefun/9_magical_armor/elytra_cap"},

		{ "predicate": { "custom_model_data": 3001208}, "model": "minecraft:slimefun/12_armor/cactus_helmet"},
		{ "predicate": { "custom_model_data": 3001220}, "model": "minecraft:slimefun/12_armor/hazmat_helmet"},

		{ "predicate": { "custom_model_data": 3001718}, "model": "minecraft:slimefun/16_technical_gadgets/night_vision_googles"}
	]
}