{
	"parent": "minecraft:item/generated",
	"author": "Racingsky",
	"textures": {
   		 "layer0": "minecraft:item/netherite_boots"
	},
	
	"overrides": [
		{"model": "minecraft:item/netherite_boots_quartz_trim", "predicate": {"trim_type": 0.1}},
		{"model": "minecraft:item/netherite_boots_iron_trim", "predicate": {"trim_type": 0.2}},
		{"model": "minecraft:item/netherite_boots_netherite_darker_trim", "predicate": {"trim_type": 0.3}},
		{"model": "minecraft:item/netherite_boots_redstone_trim", "predicate": {"trim_type": 0.4}},
		{"model": "minecraft:item/netherite_boots_copper_trim", "predicate": {"trim_type": 0.5}},
		{"model": "minecraft:item/netherite_boots_gold_trim", "predicate": {"trim_type": 0.6}},
		{"model": "minecraft:item/netherite_boots_emerald_trim", "predicate": {"trim_type": 0.7}},
		{"model": "minecraft:item/netherite_boots_diamond_trim", "predicate": {"trim_type": 0.8}},
		{"model": "minecraft:item/netherite_boots_lapis_trim", "predicate": {"trim_type": 0.9}},
		{"model": "minecraft:item/netherite_boots_amethyst_trim", "predicate": {"trim_type": 1.0}},

		{ "predicate": { "custom_model_data": 3004207}, "model": "minecraft:slimefun/27_foxy_machines/light_boots"}
	]
}