{
	"parent": "minecraft:item/generated",
	"author": "Racingsky",
	"textures": {
		"layer0": "item/netherite_ingot"
	},
	
	"overrides": [
		{ "predicate": { "custom_model_data": 3002102}, "model": "minecraft:slimefun/24_galactifun/components/tungsten_ingot"},

		{ "predicate": { "custom_model_data": 3002407}, "model": "minecraft:slimefun/29_infinity_expansion/materials/void_ingot"},

		{ "predicate": { "custom_model_data": 3003910}, "model": "minecraft:slimefun/27_foxy_machines/aquatic_netherite_ingot"}
	]
}