{
	"parent": "minecraft:item/generated",
	"author": "Racingsky",
	"textures": {
   		 "layer0": "minecraft:item/netherite_chestplate"
	},
	
	"overrides": [
		{"model": "minecraft:item/netherite_chestplate_quartz_trim", "predicate": {"trim_type": 0.1}},
		{"model": "minecraft:item/netherite_chestplate_iron_trim", "predicate": {"trim_type": 0.2}},
		{"model": "minecraft:item/netherite_chestplate_netherite_darker_trim", "predicate": {"trim_type": 0.3}},
		{"model": "minecraft:item/netherite_chestplate_redstone_trim", "predicate": {"trim_type": 0.4}},
		{"model": "minecraft:item/netherite_chestplate_copper_trim", "predicate": {"trim_type": 0.5}},
		{"model": "minecraft:item/netherite_chestplate_gold_trim", "predicate": {"trim_type": 0.6}},
		{"model": "minecraft:item/netherite_chestplate_emerald_trim", "predicate": {"trim_type": 0.7}},
		{"model": "minecraft:item/netherite_chestplate_diamond_trim", "predicate": {"trim_type": 0.8}},
		{"model": "minecraft:item/netherite_chestplate_lapis_trim", "predicate": {"trim_type": 0.9}},
		{"model": "minecraft:item/netherite_chestplate_amethyst_trim", "predicate": {"trim_type": 1.0}},

		{ "predicate": { "custom_model_data": 3002817}, "model": "minecraft:slimefun/29_infinity_expansion/mob_simulation/data_card_wither"},
		{ "predicate": { "custom_model_data": 3002818}, "model": "minecraft:slimefun/29_infinity_expansion/mob_simulation/data_card_ender_dragon"},

		{ "predicate": { "custom_model_data": 3004206}, "model": "minecraft:slimefun/27_foxy_machines/resistant_chestplate"}
	]
}