{
	"parent": "minecraft:item/generated",
	"author": "Racingsky",
	"textures": {
   		 "layer0": "minecraft:block/oak_sapling"
	},
	
	"overrides": [
		{ "predicate": { "custom_model_data": 3005000}, "model": "minecraft:slimefun/18_exotic_garden/plants/grape_bush"},
		{ "predicate": { "custom_model_data": 3005002}, "model": "minecraft:slimefun/18_exotic_garden/plants/blueberry_bush"},
		{ "predicate": { "custom_model_data": 3005004}, "model": "minecraft:slimefun/18_exotic_garden/plants/elderberry_bush"},
		{ "predicate": { "custom_model_data": 3005006}, "model": "minecraft:slimefun/18_exotic_garden/plants/raspberry_bush"},
		{ "predicate": { "custom_model_data": 3005008}, "model": "minecraft:slimefun/18_exotic_garden/plants/blackberry_bush"},
		{ "predicate": { "custom_model_data": 3005010}, "model": "minecraft:slimefun/18_exotic_garden/plants/cranberry_bush"},
		{ "predicate": { "custom_model_data": 3005012}, "model": "minecraft:slimefun/18_exotic_garden/plants/cowberry_bush"},
		{ "predicate": { "custom_model_data": 3005014}, "model": "minecraft:slimefun/18_exotic_garden/plants/strawberry_bush"},
		{ "predicate": { "custom_model_data": 3005016}, "model": "minecraft:slimefun/18_exotic_garden/plants/tomato_bush"},
		{ "predicate": { "custom_model_data": 3005018}, "model": "minecraft:slimefun/18_exotic_garden/plants/lettuce_bush"},
		{ "predicate": { "custom_model_data": 3005020}, "model": "minecraft:slimefun/18_exotic_garden/plants/tea_leaf_bush"},
		{ "predicate": { "custom_model_data": 3005022}, "model": "minecraft:slimefun/18_exotic_garden/plants/cabbage_bush"},
		{ "predicate": { "custom_model_data": 3005024}, "model": "minecraft:slimefun/18_exotic_garden/plants/sweet_potato_bush"},
		{ "predicate": { "custom_model_data": 3005026}, "model": "minecraft:slimefun/18_exotic_garden/plants/mustard_seed_bush"},
		{ "predicate": { "custom_model_data": 3005028}, "model": "minecraft:slimefun/18_exotic_garden/plants/curry_leaf_bush"},
		{ "predicate": { "custom_model_data": 3005030}, "model": "minecraft:slimefun/18_exotic_garden/plants/onion_bush"},
		{ "predicate": { "custom_model_data": 3005032}, "model": "minecraft:slimefun/18_exotic_garden/plants/garlic_bush"},
		{ "predicate": { "custom_model_data": 3005034}, "model": "minecraft:slimefun/18_exotic_garden/plants/cilantro_bush"},
		{ "predicate": { "custom_model_data": 3005036}, "model": "minecraft:slimefun/18_exotic_garden/plants/black_pepper_bush"},
		{ "predicate": { "custom_model_data": 3005038}, "model": "minecraft:slimefun/18_exotic_garden/plants/corn_bush"},
		{ "predicate": { "custom_model_data": 3005040}, "model": "minecraft:slimefun/18_exotic_garden/plants/pineapple_bush"},
		{ "predicate": { "custom_model_data": 3005042}, "model": "minecraft:slimefun/18_exotic_garden/plants/red_bell_pepper_bush"},
		{ "predicate": { "custom_model_data": 3005044}, "model": "minecraft:slimefun/18_exotic_garden/plants/oak_apple_sapling"},
		{ "predicate": { "custom_model_data": 3005046}, "model": "minecraft:slimefun/18_exotic_garden/plants/coconut_sapling"},
		{ "predicate": { "custom_model_data": 3005048}, "model": "minecraft:slimefun/18_exotic_garden/plants/cherry_sapling"},
		{ "predicate": { "custom_model_data": 3005050}, "model": "minecraft:slimefun/18_exotic_garden/plants/pomegranate_sapling"},
		{ "predicate": { "custom_model_data": 3005052}, "model": "minecraft:slimefun/18_exotic_garden/plants/lemon_sapling"},
		{ "predicate": { "custom_model_data": 3005054}, "model": "minecraft:slimefun/18_exotic_garden/plants/plum_sapling"},
		{ "predicate": { "custom_model_data": 3005056}, "model": "minecraft:slimefun/18_exotic_garden/plants/lime_sapling"},
		{ "predicate": { "custom_model_data": 3005058}, "model": "minecraft:slimefun/18_exotic_garden/plants/orange_sapling"},
		{ "predicate": { "custom_model_data": 3005060}, "model": "minecraft:slimefun/18_exotic_garden/plants/peach_sapling"},
		{ "predicate": { "custom_model_data": 3005062}, "model": "minecraft:slimefun/18_exotic_garden/plants/pear_sapling"},
		{ "predicate": { "custom_model_data": 3005064}, "model": "minecraft:slimefun/18_exotic_garden/plants/dragon_fruit_sapling"},

		{ "predicate": { "custom_model_data": 3005500}, "model": "minecraft:slimefun/18_exotic_garden/magical_plants/dirt_plant"},
		{ "predicate": { "custom_model_data": 3005502}, "model": "minecraft:slimefun/18_exotic_garden/magical_plants/coal_plant"},
		{ "predicate": { "custom_model_data": 3005504}, "model": "minecraft:slimefun/18_exotic_garden/magical_plants/iron_plant"},
		{ "predicate": { "custom_model_data": 3005506}, "model": "minecraft:slimefun/18_exotic_garden/magical_plants/gold_plant"},
		{ "predicate": { "custom_model_data": 3005508}, "model": "minecraft:slimefun/18_exotic_garden/magical_plants/copper_plant"},
		{ "predicate": { "custom_model_data": 3005510}, "model": "minecraft:slimefun/18_exotic_garden/magical_plants/aluminum_plant"},
		{ "predicate": { "custom_model_data": 3005512}, "model": "minecraft:slimefun/18_exotic_garden/magical_plants/tin_plant"},
		{ "predicate": { "custom_model_data": 3005514}, "model": "minecraft:slimefun/18_exotic_garden/magical_plants/silver_plant"},
		{ "predicate": { "custom_model_data": 3005516}, "model": "minecraft:slimefun/18_exotic_garden/magical_plants/lead_plant"},
		{ "predicate": { "custom_model_data": 3005518}, "model": "minecraft:slimefun/18_exotic_garden/magical_plants/redstone_plant"},
		{ "predicate": { "custom_model_data": 3005520}, "model": "minecraft:slimefun/18_exotic_garden/magical_plants/lapis_plant"},
		{ "predicate": { "custom_model_data": 3005522}, "model": "minecraft:slimefun/18_exotic_garden/magical_plants/ender_plant"},
		{ "predicate": { "custom_model_data": 3005524}, "model": "minecraft:slimefun/18_exotic_garden/magical_plants/quartz_plant"},
		{ "predicate": { "custom_model_data": 3005526}, "model": "minecraft:slimefun/18_exotic_garden/magical_plants/diamond_plant"},
		{ "predicate": { "custom_model_data": 3005528}, "model": "minecraft:slimefun/18_exotic_garden/magical_plants/emerald_plant"},
		{ "predicate": { "custom_model_data": 3005530}, "model": "minecraft:slimefun/18_exotic_garden/magical_plants/netherite_plant"},
		{ "predicate": { "custom_model_data": 3005532}, "model": "minecraft:slimefun/18_exotic_garden/magical_plants/glowstone_plant"},
		{ "predicate": { "custom_model_data": 3005534}, "model": "minecraft:slimefun/18_exotic_garden/magical_plants/obsidian_plant"},
		{ "predicate": { "custom_model_data": 3005536}, "model": "minecraft:slimefun/18_exotic_garden/magical_plants/slime_plant"}
	]
}