{
	"parent": "minecraft:block/cube_all",
	"author": "Racingsky",
	"textures": {
		"all": "block/obsidian"
	},
	
	"overrides": [
		{ "predicate": { "custom_model_data": 3001014}, "model": "minecraft:slimefun/10_technical_components/wither_proof_obsidian"},

		{ "predicate": { "custom_model_data": 3005775}, "model": "minecraft:slimefun/28_energy_and_electricity/wither_assembler"},

		{ "predicate": { "custom_model_data": 3006506}, "model": "minecraft:slimefun/23_slime_tinker/materials/reinforced_plate_mod"}
	]
}