{
	"parent": "minecraft:item/generated",
	"author": "Racingsky",
	"textures": {
		"layer0": "item/paper"
	},
	
	"overrides": [
		{ "predicate": { "custom_model_data": 3000202}, "model": "minecraft:slimefun/2_useful_items/rag"},
		{ "predicate": { "custom_model_data": 3000203}, "model": "minecraft:slimefun/2_useful_items/bandage"},

		{ "predicate": { "custom_model_data": 3000806}, "model": "minecraft:slimefun/8_magical_items/magical_book_cover"},

		{ "predicate": { "custom_model_data": 3001006}, "model": "minecraft:slimefun/10_technical_components/reinforced_cloth"},
		{ "predicate": { "custom_model_data": 3001015}, "model": "minecraft:slimefun/10_technical_components/plastic_sheet"},

		{ "predicate": { "custom_model_data": 3001102}, "model": "minecraft:slimefun/11_misc_items/steel_plate"},
		{ "predicate": { "custom_model_data": 3001115}, "model": "minecraft:slimefun/11_misc_items/cloth"},
		{ "predicate": { "custom_model_data": 3001118}, "model": "minecraft:slimefun/11_misc_items/reinforced_plate"},

		{ "predicate": { "custom_model_data": 3001611}, "model": "minecraft:slimefun/15_magical_gadgets/scroll_of_dimensional_teleposition"},

		{ "predicate": { "custom_model_data": 3002103}, "model": "minecraft:slimefun/24_galactifun/components/aluminum_composite_sheet"},
		{ "predicate": { "custom_model_data": 3002104}, "model": "minecraft:slimefun/24_galactifun/components/heavy_duty_sheet"},
		{ "predicate": { "custom_model_data": 3002105}, "model": "minecraft:slimefun/24_galactifun/components/space_grade_plate"},
		{ "predicate": { "custom_model_data": 3002106}, "model": "minecraft:slimefun/24_galactifun/components/ultra_duty_sheet"},
		{ "predicate": { "custom_model_data": 3002107}, "model": "minecraft:slimefun/24_galactifun/components/gold_foil"},
		{ "predicate": { "custom_model_data": 3002111}, "model": "minecraft:slimefun/24_galactifun/components/air_filter"},

		{ "predicate": { "custom_model_data": 3002422}, "model": "minecraft:slimefun/29_infinity_expansion/materials/machine_plate"},

		{ "predicate": { "custom_model_data": 3003308}, "model": "minecraft:slimefun/21_slimy_treetaps/raw_plastic"},

		{ "predicate": { "custom_model_data": 3004921}, "model": "minecraft:slimefun/22_flower_power/infinity_bandage"},




		{ "predicate": { "custom_model_data": 5000000}, "model": "minecraft:slimefun/3_basic_machines/overlays/enhanced_crafting_table_overlay"},
		{ "predicate": { "custom_model_data": 5000001}, "model": "minecraft:slimefun/3_basic_machines/overlays/grind_stone_overlay"},
		{ "predicate": { "custom_model_data": 5000002}, "model": "minecraft:slimefun/3_basic_machines/overlays/armor_forge_overlay"},
		{ "predicate": { "custom_model_data": 5000003}, "model": "minecraft:slimefun/3_basic_machines/overlays/ore_crusher_overlay"},
		{ "predicate": { "custom_model_data": 5000004}, "model": "minecraft:slimefun/3_basic_machines/overlays/compressor_overlay"},
		{ "predicate": { "custom_model_data": 5000005}, "model": "minecraft:slimefun/3_basic_machines/overlays/makeshift_smeltery_overlay"},
		{ "predicate": { "custom_model_data": 5000006}, "model": "minecraft:slimefun/3_basic_machines/overlays/smeltery_overlay"},
		{ "predicate": { "custom_model_data": 5000007}, "model": "minecraft:slimefun/3_basic_machines/overlays/ignition_chamber_overlay"},
		{ "predicate": { "custom_model_data": 5000008}, "model": "minecraft:slimefun/3_basic_machines/overlays/pressure_chamber_overlay"},
		{ "predicate": { "custom_model_data": 5000009}, "model": "minecraft:slimefun/3_basic_machines/overlays/magic_workbench_overlay"},
		{ "predicate": { "custom_model_data": 5000010}, "model": "minecraft:slimefun/3_basic_machines/overlays/ore_washer_overlay"},
		{ "predicate": { "custom_model_data": 5000011}, "model": "minecraft:slimefun/3_basic_machines/overlays/table_saw_overlay"},
		{ "predicate": { "custom_model_data": 5000012}, "model": "minecraft:slimefun/3_basic_machines/overlays/composter_overlay"},
		{ "predicate": { "custom_model_data": 5000013}, "model": "minecraft:slimefun/3_basic_machines/overlays/industrial_miner_overlay"},
		{ "predicate": { "custom_model_data": 5000014}, "model": "minecraft:slimefun/3_basic_machines/overlays/advanced_industrial_miner_overlay"},
		{ "predicate": { "custom_model_data": 5000015}, "model": "minecraft:slimefun/3_basic_machines/overlays/automated_panning_machine_overlay"},
		{ "predicate": { "custom_model_data": 5000016}, "model": "minecraft:slimefun/3_basic_machines/overlays/crucible_overlay"},
		{ "predicate": { "custom_model_data": 5000017}, "model": "minecraft:slimefun/3_basic_machines/overlays/juicer_overlay"},
		{ "predicate": { "custom_model_data": 5000018}, "model": "minecraft:slimefun/3_basic_machines/overlays/enhanced_furnace_overlay"},
		{ "predicate": { "custom_model_data": 5000019}, "model": "minecraft:slimefun/3_basic_machines/overlays/enhanced_furnace_2_overlay"},
		{ "predicate": { "custom_model_data": 5000020}, "model": "minecraft:slimefun/3_basic_machines/overlays/enhanced_furnace_3_overlay"},
		{ "predicate": { "custom_model_data": 5000021}, "model": "minecraft:slimefun/3_basic_machines/overlays/enhanced_furnace_4_overlay"},
		{ "predicate": { "custom_model_data": 5000022}, "model": "minecraft:slimefun/3_basic_machines/overlays/enhanced_furnace_5_overlay"},
		{ "predicate": { "custom_model_data": 5000023}, "model": "minecraft:slimefun/3_basic_machines/overlays/enhanced_furnace_6_overlay"},
		{ "predicate": { "custom_model_data": 5000024}, "model": "minecraft:slimefun/3_basic_machines/overlays/enhanced_furnace_7_overlay"},
		{ "predicate": { "custom_model_data": 5000025}, "model": "minecraft:slimefun/3_basic_machines/overlays/enhanced_furnace_8_overlay"},
		{ "predicate": { "custom_model_data": 5000026}, "model": "minecraft:slimefun/3_basic_machines/overlays/enhanced_furnace_9_overlay"},
		{ "predicate": { "custom_model_data": 5000027}, "model": "minecraft:slimefun/3_basic_machines/overlays/enhanced_furnace_10_overlay"},
		{ "predicate": { "custom_model_data": 5000028}, "model": "minecraft:slimefun/3_basic_machines/overlays/enhanced_furnace_11_overlay"},
		{ "predicate": { "custom_model_data": 5000029}, "model": "minecraft:slimefun/3_basic_machines/overlays/reinforced_furnace_overlay"},
		{ "predicate": { "custom_model_data": 5000030}, "model": "minecraft:slimefun/3_basic_machines/overlays/carbonado_furnace_overlay"},
		{ "predicate": { "custom_model_data": 5000031}, "model": "minecraft:slimefun/3_basic_machines/overlays/block_placer_overlay"},

		{ "predicate": { "custom_model_data": 5000032}, "model": "minecraft:slimefun/15_magical_gadgets/overlays/ancient_pedestal_overlay"},
		{ "predicate": { "custom_model_data": 5000033}, "model": "minecraft:slimefun/15_magical_gadgets/overlays/ancient_altar_overlay"},
		{ "predicate": { "custom_model_data": 5000034}, "model": "minecraft:slimefun/15_magical_gadgets/overlays/infused_hopper_overlay"},

		{ "predicate": { "custom_model_data": 5000035}, "model": "minecraft:slimefun/21_slimy_treetaps/overlays/rubber_factory_overlay"},
		{ "predicate": { "custom_model_data": 5000036}, "model": "minecraft:slimefun/21_slimy_treetaps/overlays/resin_extractor_overlay"},
		{ "predicate": { "custom_model_data": 5000037}, "model": "minecraft:slimefun/21_slimy_treetaps/overlays/resin_extractor_2_overlay"},

		{ "predicate": { "custom_model_data": 5000038}, "model": "minecraft:slimefun/23_slime_tinker/overlays/tinker_workbench_overlay"},
		{ "predicate": { "custom_model_data": 5000039}, "model": "minecraft:slimefun/23_slime_tinker/overlays/tinker_smeltery_overlay"},
		{ "predicate": { "custom_model_data": 5000040}, "model": "minecraft:slimefun/23_slime_tinker/overlays/tinker_tool_table_overlay"},
		{ "predicate": { "custom_model_data": 5000041}, "model": "minecraft:slimefun/23_slime_tinker/overlays/tinker_armour_table_overlay"},
		{ "predicate": { "custom_model_data": 5000042}, "model": "minecraft:slimefun/23_slime_tinker/overlays/tinker_repair_bench_overlay"},
		{ "predicate": { "custom_model_data": 5000043}, "model": "minecraft:slimefun/23_slime_tinker/overlays/tinker_swapping_station_overlay"},
		{ "predicate": { "custom_model_data": 5000044}, "model": "minecraft:slimefun/23_slime_tinker/overlays/tinker_modification_station_overlay"},

		{ "predicate": { "custom_model_data": 5000045}, "model": "minecraft:slimefun/24_galactifun/overlays/super_fan_overlay"},
		{ "predicate": { "custom_model_data": 5000046}, "model": "minecraft:slimefun/24_galactifun/overlays/ender_block_overlay"},
		{ "predicate": { "custom_model_data": 5000047}, "model": "minecraft:slimefun/24_galactifun/overlays/stargate_ring_overlay"},
		{ "predicate": { "custom_model_data": 5000048}, "model": "minecraft:slimefun/24_galactifun/overlays/stargate_controller_overlay"},
		{ "predicate": { "custom_model_data": 5000049}, "model": "minecraft:slimefun/24_galactifun/overlays/oxygen_filler_overlay"},
		{ "predicate": { "custom_model_data": 5000050}, "model": "minecraft:slimefun/24_galactifun/overlays/space_suit_upgrader_overlay"},
		{ "predicate": { "custom_model_data": 5000051}, "model": "minecraft:slimefun/24_galactifun/overlays/circuit_press_overlay"},
		{ "predicate": { "custom_model_data": 5000052}, "model": "minecraft:slimefun/24_galactifun/overlays/assembly_table_overlay"},
		{ "predicate": { "custom_model_data": 5000053}, "model": "minecraft:slimefun/24_galactifun/overlays/cooling_unit_overlay"},
		{ "predicate": { "custom_model_data": 5000054}, "model": "minecraft:slimefun/24_galactifun/overlays/cooling_unit_2_overlay"},
		{ "predicate": { "custom_model_data": 5000055}, "model": "minecraft:slimefun/24_galactifun/overlays/cooling_unit_3_overlay"},
		{ "predicate": { "custom_model_data": 5000056}, "model": "minecraft:slimefun/24_galactifun/overlays/space_heater_overlay"},
		{ "predicate": { "custom_model_data": 5000057}, "model": "minecraft:slimefun/24_galactifun/overlays/space_heater_2_overlay"},
		{ "predicate": { "custom_model_data": 5000058}, "model": "minecraft:slimefun/24_galactifun/overlays/space_heater_3_overlay"},
		{ "predicate": { "custom_model_data": 5000059}, "model": "minecraft:slimefun/24_galactifun/overlays/ion_disperser_overlay"},
		{ "predicate": { "custom_model_data": 5000060}, "model": "minecraft:slimefun/24_galactifun/overlays/ion_disperser_2_overlay"},
		{ "predicate": { "custom_model_data": 5000061}, "model": "minecraft:slimefun/24_galactifun/overlays/planetary_analyzer_overlay"},
		{ "predicate": { "custom_model_data": 5000062}, "model": "minecraft:slimefun/24_galactifun/overlays/diamond_anvil_overlay"},
		{ "predicate": { "custom_model_data": 5000063}, "model": "minecraft:slimefun/24_galactifun/overlays/oxygen_sealer_overlay"},
		{ "predicate": { "custom_model_data": 5000064}, "model": "minecraft:slimefun/24_galactifun/overlays/automatic_door_overlay"},
		{ "predicate": { "custom_model_data": 5000065}, "model": "minecraft:slimefun/24_galactifun/overlays/efg_overlay"},
		{ "predicate": { "custom_model_data": 5000066}, "model": "minecraft:slimefun/24_galactifun/overlays/chemical_reactor_overlay"},
		{ "predicate": { "custom_model_data": 5000067}, "model": "minecraft:slimefun/24_galactifun/overlays/electrolyzer_overlay"},

		{ "predicate": { "custom_model_data": 5000068}, "model": "minecraft:slimefun/27_foxy_machines/overlays/improvement_forge_overlay"},
		{ "predicate": { "custom_model_data": 5000069}, "model": "minecraft:slimefun/27_foxy_machines/overlays/potion_mixer_overlay"},
		{ "predicate": { "custom_model_data": 5000070}, "model": "minecraft:slimefun/27_foxy_machines/overlays/electric_gold_refinery_overlay"},
		{ "predicate": { "custom_model_data": 5000071}, "model": "minecraft:slimefun/27_foxy_machines/overlays/chunk_loader_overlay"},
		{ "predicate": { "custom_model_data": 5000072}, "model": "minecraft:slimefun/27_foxy_machines/overlays/forcefield_dome_overlay"},

		{ "predicate": { "custom_model_data": 5000073}, "model": "minecraft:slimefun/28_energy_and_electricity/overlays/solar_generator_overlay"},
		{ "predicate": { "custom_model_data": 5000074}, "model": "minecraft:slimefun/28_energy_and_electricity/overlays/solar_generator_advanced_overlay"},
		{ "predicate": { "custom_model_data": 5000075}, "model": "minecraft:slimefun/28_energy_and_electricity/overlays/solar_generator_carbonado_overlay"},
		{ "predicate": { "custom_model_data": 5000076}, "model": "minecraft:slimefun/28_energy_and_electricity/overlays/solar_generator_energized_overlay"},
		{ "predicate": { "custom_model_data": 5000077}, "model": "minecraft:slimefun/28_energy_and_electricity/overlays/charging_bench_overlay"},
		{ "predicate": { "custom_model_data": 5000078}, "model": "minecraft:slimefun/28_energy_and_electricity/overlays/electric_furnace_overlay"},
		{ "predicate": { "custom_model_data": 5000079}, "model": "minecraft:slimefun/28_energy_and_electricity/overlays/electric_furnace_2_overlay"},
		{ "predicate": { "custom_model_data": 5000080}, "model": "minecraft:slimefun/28_energy_and_electricity/overlays/electric_furnace_3_overlay"},
		{ "predicate": { "custom_model_data": 5000081}, "model": "minecraft:slimefun/28_energy_and_electricity/overlays/electric_gold_pan_overlay"},
		{ "predicate": { "custom_model_data": 5000082}, "model": "minecraft:slimefun/28_energy_and_electricity/overlays/electric_gold_pan_2_overlay"},
		{ "predicate": { "custom_model_data": 5000083}, "model": "minecraft:slimefun/28_energy_and_electricity/overlays/electric_gold_pan_3_overlay"},
		{ "predicate": { "custom_model_data": 5000084}, "model": "minecraft:slimefun/28_energy_and_electricity/overlays/electric_dust_washer_overlay"},
		{ "predicate": { "custom_model_data": 5000085}, "model": "minecraft:slimefun/28_energy_and_electricity/overlays/electric_dust_washer_2_overlay"},
		{ "predicate": { "custom_model_data": 5000086}, "model": "minecraft:slimefun/28_energy_and_electricity/overlays/electric_dust_washer_3_overlay"},
		{ "predicate": { "custom_model_data": 5000087}, "model": "minecraft:slimefun/28_energy_and_electricity/overlays/electric_ingot_factory_overlay"},
		{ "predicate": { "custom_model_data": 5000088}, "model": "minecraft:slimefun/28_energy_and_electricity/overlays/electric_ingot_factory_2_overlay"},
		{ "predicate": { "custom_model_data": 5000089}, "model": "minecraft:slimefun/28_energy_and_electricity/overlays/electric_ingot_factory_3_overlay"},
		{ "predicate": { "custom_model_data": 5000090}, "model": "minecraft:slimefun/28_energy_and_electricity/overlays/electric_crucible_overlay"},
		{ "predicate": { "custom_model_data": 5000091}, "model": "minecraft:slimefun/28_energy_and_electricity/overlays/electric_crucible_2_overlay"},
		{ "predicate": { "custom_model_data": 5000092}, "model": "minecraft:slimefun/28_energy_and_electricity/overlays/electric_crucible_3_overlay"},
		{ "predicate": { "custom_model_data": 5000093}, "model": "minecraft:slimefun/28_energy_and_electricity/overlays/electric_ore_grinder_overlay"},
		{ "predicate": { "custom_model_data": 5000094}, "model": "minecraft:slimefun/28_energy_and_electricity/overlays/electric_ore_grinder_2_overlay"},
		{ "predicate": { "custom_model_data": 5000095}, "model": "minecraft:slimefun/28_energy_and_electricity/overlays/electric_ore_grinder_3_overlay"},
		{ "predicate": { "custom_model_data": 5000096}, "model": "minecraft:slimefun/28_energy_and_electricity/overlays/heated_pressure_chamber_overlay"},
		{ "predicate": { "custom_model_data": 5000097}, "model": "minecraft:slimefun/28_energy_and_electricity/overlays/heated_pressure_chamber_2_overlay"},
		{ "predicate": { "custom_model_data": 5000098}, "model": "minecraft:slimefun/28_energy_and_electricity/overlays/electric_ingot_pulverizer_overlay"},
		{ "predicate": { "custom_model_data": 5000099}, "model": "minecraft:slimefun/28_energy_and_electricity/overlays/coal_generator_overlay"},
		{ "predicate": { "custom_model_data": 5000100}, "model": "minecraft:slimefun/28_energy_and_electricity/overlays/coal_generator_2_overlay"},
		{ "predicate": { "custom_model_data": 5000101}, "model": "minecraft:slimefun/28_energy_and_electricity/overlays/bio_reactor_overlay"},
		{ "predicate": { "custom_model_data": 5000102}, "model": "minecraft:slimefun/28_energy_and_electricity/overlays/auto_drier_overlay"},
		{ "predicate": { "custom_model_data": 5000103}, "model": "minecraft:slimefun/28_energy_and_electricity/overlays/auto_brewer_overlay"},
		{ "predicate": { "custom_model_data": 5000104}, "model": "minecraft:slimefun/28_energy_and_electricity/overlays/electric_press_overlay"},
		{ "predicate": { "custom_model_data": 5000105}, "model": "minecraft:slimefun/28_energy_and_electricity/overlays/electric_press_2_overlay"},
		{ "predicate": { "custom_model_data": 5000106}, "model": "minecraft:slimefun/28_energy_and_electricity/overlays/magnesium_generator_overlay"},
		{ "predicate": { "custom_model_data": 5000107}, "model": "minecraft:slimefun/28_energy_and_electricity/overlays/auto_enchanter_overlay"},
		{ "predicate": { "custom_model_data": 5000108}, "model": "minecraft:slimefun/28_energy_and_electricity/overlays/auto_enchanter_2_overlay"},
		{ "predicate": { "custom_model_data": 5000109}, "model": "minecraft:slimefun/28_energy_and_electricity/overlays/auto_disenchanter_overlay"},
		{ "predicate": { "custom_model_data": 5000110}, "model": "minecraft:slimefun/28_energy_and_electricity/overlays/auto_disenchanter_2_overlay"},
		{ "predicate": { "custom_model_data": 5000111}, "model": "minecraft:slimefun/28_energy_and_electricity/overlays/auto_anvil_overlay"},
		{ "predicate": { "custom_model_data": 5000112}, "model": "minecraft:slimefun/28_energy_and_electricity/overlays/auto_anvil_2_overlay"},
		{ "predicate": { "custom_model_data": 5000113}, "model": "minecraft:slimefun/28_energy_and_electricity/overlays/book_binder_overlay"},
		{ "predicate": { "custom_model_data": 5000114}, "model": "minecraft:slimefun/28_energy_and_electricity/overlays/refinery_overlay"},
		{ "predicate": { "custom_model_data": 5000115}, "model": "minecraft:slimefun/28_energy_and_electricity/overlays/lava_generator_overlay"},
		{ "predicate": { "custom_model_data": 5000116}, "model": "minecraft:slimefun/28_energy_and_electricity/overlays/lava_generator_2_overlay"},
		{ "predicate": { "custom_model_data": 5000117}, "model": "minecraft:slimefun/28_energy_and_electricity/overlays/combustion_reactor_overlay"},
		{ "predicate": { "custom_model_data": 5000118}, "model": "minecraft:slimefun/28_energy_and_electricity/overlays/food_fabricator_overlay"},
		{ "predicate": { "custom_model_data": 5000119}, "model": "minecraft:slimefun/28_energy_and_electricity/overlays/food_fabricator_2_overlay"},
		{ "predicate": { "custom_model_data": 5000120}, "model": "minecraft:slimefun/28_energy_and_electricity/overlays/auto_breeder_overlay"},
		{ "predicate": { "custom_model_data": 5000121}, "model": "minecraft:slimefun/28_energy_and_electricity/overlays/animal_growth_accel_overlay"},
		{ "predicate": { "custom_model_data": 5000122}, "model": "minecraft:slimefun/28_energy_and_electricity/overlays/tree_growth_accel_overlay"},
		{ "predicate": { "custom_model_data": 5000123}, "model": "minecraft:slimefun/28_energy_and_electricity/overlays/exp_collector_overlay"},
		{ "predicate": { "custom_model_data": 5000124}, "model": "minecraft:slimefun/28_energy_and_electricity/overlays/food_composter_overlay"},
		{ "predicate": { "custom_model_data": 5000125}, "model": "minecraft:slimefun/28_energy_and_electricity/overlays/food_composter_2_overlay"},
		{ "predicate": { "custom_model_data": 5000126}, "model": "minecraft:slimefun/28_energy_and_electricity/overlays/crop_growth_accel_overlay"},
		{ "predicate": { "custom_model_data": 5000127}, "model": "minecraft:slimefun/28_energy_and_electricity/overlays/crop_growth_accel_2_overlay"},
		{ "predicate": { "custom_model_data": 5000128}, "model": "minecraft:slimefun/28_energy_and_electricity/overlays/freezer_overlay"},
		{ "predicate": { "custom_model_data": 5000129}, "model": "minecraft:slimefun/28_energy_and_electricity/overlays/freezer_2_overlay"},
		{ "predicate": { "custom_model_data": 5000130}, "model": "minecraft:slimefun/28_energy_and_electricity/overlays/freezer_3_overlay"},
		{ "predicate": { "custom_model_data": 5000131}, "model": "minecraft:slimefun/28_energy_and_electricity/overlays/nuclear_reactor_overlay"},
		{ "predicate": { "custom_model_data": 5000132}, "model": "minecraft:slimefun/28_energy_and_electricity/overlays/nether_star_reactor_overlay"},
		{ "predicate": { "custom_model_data": 5000133}, "model": "minecraft:slimefun/28_energy_and_electricity/overlays/fluid_pump_overlay"},
		{ "predicate": { "custom_model_data": 5000134}, "model": "minecraft:slimefun/28_energy_and_electricity/overlays/carbon_press_overlay"},
		{ "predicate": { "custom_model_data": 5000135}, "model": "minecraft:slimefun/28_energy_and_electricity/overlays/carbon_press_2_overlay"},
		{ "predicate": { "custom_model_data": 5000136}, "model": "minecraft:slimefun/28_energy_and_electricity/overlays/carbon_press_3_overlay"},
		{ "predicate": { "custom_model_data": 5000137}, "model": "minecraft:slimefun/28_energy_and_electricity/overlays/electric_smeltery_overlay"},
		{ "predicate": { "custom_model_data": 5000138}, "model": "minecraft:slimefun/28_energy_and_electricity/overlays/electric_smeltery_2_overlay"},
		{ "predicate": { "custom_model_data": 5000139}, "model": "minecraft:slimefun/28_energy_and_electricity/overlays/iron_golem_assembler_overlay"},
		{ "predicate": { "custom_model_data": 5000140}, "model": "minecraft:slimefun/28_energy_and_electricity/overlays/wither_assembler_overlay"},
		{ "predicate": { "custom_model_data": 5000141}, "model": "minecraft:slimefun/28_energy_and_electricity/overlays/produce_collector_overlay"},

		{ "predicate": { "custom_model_data": 5000142}, "model": "minecraft:slimefun/30_gps_based_machines/overlays/gps_transmitter_overlay"},
		{ "predicate": { "custom_model_data": 5000143}, "model": "minecraft:slimefun/30_gps_based_machines/overlays/gps_transmitter_advanced_overlay"},
		{ "predicate": { "custom_model_data": 5000144}, "model": "minecraft:slimefun/30_gps_based_machines/overlays/gps_transmitter_carbonado_overlay"},
		{ "predicate": { "custom_model_data": 5000145}, "model": "minecraft:slimefun/30_gps_based_machines/overlays/gps_transmitter_energized_overlay"},
		{ "predicate": { "custom_model_data": 5000146}, "model": "minecraft:slimefun/30_gps_based_machines/overlays/gps_control_panel_overlay"},
		{ "predicate": { "custom_model_data": 5000147}, "model": "minecraft:slimefun/30_gps_based_machines/overlays/gps_emergency_transmitter_overlay"},
		{ "predicate": { "custom_model_data": 5000148}, "model": "minecraft:slimefun/30_gps_based_machines/overlays/gps_geo_scanner_overlay"},
		{ "predicate": { "custom_model_data": 5000149}, "model": "minecraft:slimefun/30_gps_based_machines/overlays/oil_pump_overlay"},
		{ "predicate": { "custom_model_data": 5000150}, "model": "minecraft:slimefun/30_gps_based_machines/overlays/geo_miner_overlay"},
		{ "predicate": { "custom_model_data": 5000151}, "model": "minecraft:slimefun/30_gps_based_machines/overlays/gps_teleporter_matrix_overlay"},
		{ "predicate": { "custom_model_data": 5000152}, "model": "minecraft:slimefun/30_gps_based_machines/overlays/gps_activation_device_shared_overlay"},
		{ "predicate": { "custom_model_data": 5000153}, "model": "minecraft:slimefun/30_gps_based_machines/overlays/gps_activation_device_personal_overlay"},
		{ "predicate": { "custom_model_data": 5000154}, "model": "minecraft:slimefun/30_gps_based_machines/overlays/elevator_plate_overlay"},

		{ "predicate": { "custom_model_data": 5000155}, "model": "minecraft:slimefun/31_androids/overlays/android_interface_fuel_overlay"},
		{ "predicate": { "custom_model_data": 5000156}, "model": "minecraft:slimefun/31_androids/overlays/android_interface_items_overlay"},
		
		{ "predicate": { "custom_model_data": 5000157}, "model": "minecraft:slimefun/29_infinity_expansion/overlays/advanced_anvil_overlay"},
		{ "predicate": { "custom_model_data": 5000158}, "model": "minecraft:slimefun/29_infinity_expansion/overlays/infinity_workbench_overlay"},
		{ "predicate": { "custom_model_data": 5000159}, "model": "minecraft:slimefun/29_infinity_expansion/overlays/basic_cobble_generator_overlay"},
		{ "predicate": { "custom_model_data": 5000160}, "model": "minecraft:slimefun/29_infinity_expansion/overlays/basic_virtual_farm_overlay"}		
	]
}