{
	"parent": "minecraft:item/generated",
	"author": "Racingsky",
	"textures": {
		"layer0": "minecraft:item/pink_dye"
	},

	"overrides": [
		{ "predicate": { "custom_model_data": 3006562}, "model": "minecraft:slimefun/23_slime_tinker/materials/fondness_nugget"},
		{ "predicate": { "custom_model_data": 3006564}, "model": "minecraft:slimefun/23_slime_tinker/materials/devotion_nugget"},
		{ "predicate": { "custom_model_data": 3006566}, "model": "minecraft:slimefun/23_slime_tinker/materials/passion_nugget"},
		{ "predicate": { "custom_model_data": 3006568}, "model": "minecraft:slimefun/23_slime_tinker/materials/love_nugget"},
		{ "predicate": { "custom_model_data": 3006570}, "model": "minecraft:slimefun/23_slime_tinker/materials/love_block"}
	]
}