{
	"parent": "minecraft:item/template_skull",
	"author": "Racingsky",
	
	"overrides": [
		{ "predicate": { "custom_model_data": 3000200}, "model": "minecraft:slimefun/2_useful_items/portable_crafter"},
		{ "predicate": { "custom_model_data": 3000201}, "model": "minecraft:slimefun/2_useful_items/portable_dustbin"},
		{ "predicate": { "custom_model_data": 3000207}, "model": "minecraft:slimefun/2_useful_items/backpack_small"},
		{ "predicate": { "custom_model_data": 3000208}, "model": "minecraft:slimefun/2_useful_items/backpack_medium"},
		{ "predicate": { "custom_model_data": 3000209}, "model": "minecraft:slimefun/2_useful_items/backpack_large"},
		{ "predicate": { "custom_model_data": 3000210}, "model": "minecraft:slimefun/2_useful_items/backpack_woven"},
		{ "predicate": { "custom_model_data": 3000211}, "model": "minecraft:slimefun/2_useful_items/backpack_gilded"},
		{ "predicate": { "custom_model_data": 3000212}, "model": "minecraft:slimefun/2_useful_items/backpack_radiant"},
		{ "predicate": { "custom_model_data": 3000213}, "model": "minecraft:slimefun/2_useful_items/backpack_large"},
		{ "predicate": { "custom_model_data": 3000214}, "model": "minecraft:slimefun/2_useful_items/cooler"},
		{ "predicate": { "custom_model_data": 3000215}, "model": "minecraft:slimefun/2_useful_items/tape_measure"},

		{ "predicate": { "custom_model_data": 3000512}, "model": "minecraft:slimefun/5_resources/synthetic_sapphire"},
		{ "predicate": { "custom_model_data": 3000514}, "model": "minecraft:slimefun/5_resources/raw_carbonado"},
		{ "predicate": { "custom_model_data": 3000517}, "model": "minecraft:slimefun/5_resources/carbonado"},
		{ "predicate": { "custom_model_data": 3000536}, "model": "minecraft:slimefun/5_resources/carbon"},
		{ "predicate": { "custom_model_data": 3000537}, "model": "minecraft:slimefun/5_resources/compressed_carbon"},
		{ "predicate": { "custom_model_data": 3000538}, "model": "minecraft:slimefun/5_resources/carbon_chunk"},
		{ "predicate": { "custom_model_data": 3000553}, "model": "minecraft:slimefun/5_resources/uranium"},
		{ "predicate": { "custom_model_data": 3000556}, "model": "minecraft:slimefun/5_resources/bucket_of_oil"},
		{ "predicate": { "custom_model_data": 3000557}, "model": "minecraft:slimefun/5_resources/bucket_of_fuel"},
		{ "predicate": { "custom_model_data": 3000558}, "model": "minecraft:slimefun/5_resources/nether_ice"},
		{ "predicate": { "custom_model_data": 3000562}, "model": "minecraft:slimefun/5_resources/enriched_nether_ice"},
		{ "predicate": { "custom_model_data": 3000563}, "model": "minecraft:slimefun/5_resources/neptunium"},
		{ "predicate": { "custom_model_data": 3000564}, "model": "minecraft:slimefun/5_resources/plutonium"},
		{ "predicate": { "custom_model_data": 3000565}, "model": "minecraft:slimefun/5_resources/boosted_uranium"},

		{ "predicate": { "custom_model_data": 3000808}, "model": "minecraft:slimefun/8_magical_items/lava_crystal"},
		{ "predicate": { "custom_model_data": 3000810}, "model": "minecraft:slimefun/8_magical_items/necrotic_skull"},

		{ "predicate": { "custom_model_data": 3001002}, "model": "minecraft:slimefun/10_technical_components/battery"},
		{ "predicate": { "custom_model_data": 3001004}, "model": "minecraft:slimefun/10_technical_components/power_crystal"},
		{ "predicate": { "custom_model_data": 3001007}, "model": "minecraft:slimefun/10_technical_components/magnet"},
		{ "predicate": { "custom_model_data": 3001008}, "model": "minecraft:slimefun/10_technical_components/electromagnet"},
		{ "predicate": { "custom_model_data": 3001009}, "model": "minecraft:slimefun/10_technical_components/electric_motor"},
		{ "predicate": { "custom_model_data": 3001010}, "model": "minecraft:slimefun/10_technical_components/heating_coil"},
		{ "predicate": { "custom_model_data": 3001013}, "model": "minecraft:slimefun/10_technical_components/cooling_unit"},
		{ "predicate": { "custom_model_data": 3001016}, "model": "minecraft:slimefun/10_technical_components/android_memory_core"},
		{ "predicate": { "custom_model_data": 3001018}, "model": "minecraft:slimefun/10_technical_components/reactor_coolant_cell"},
		{ "predicate": { "custom_model_data": 3001019}, "model": "minecraft:slimefun/10_technical_components/nether_ice_coolant_cell"},

		{ "predicate": { "custom_model_data": 3001105}, "model": "minecraft:slimefun/11_misc_items/stone_chunk"},
		{ "predicate": { "custom_model_data": 3001108}, "model": "minecraft:slimefun/11_misc_items/cheese"},
		{ "predicate": { "custom_model_data": 3001109}, "model": "minecraft:slimefun/11_misc_items/butter"},
		{ "predicate": { "custom_model_data": 3001113}, "model": "minecraft:slimefun/11_misc_items/tiny_uranium"},
		{ "predicate": { "custom_model_data": 3001114}, "model": "minecraft:slimefun/11_misc_items/small_uranium"},
		{ "predicate": { "custom_model_data": 3001116}, "model": "minecraft:slimefun/11_misc_items/tin_can"},
		{ "predicate": { "custom_model_data": 3001119}, "model": "minecraft:slimefun/11_misc_items/duct_tape"},
		{ "predicate": { "custom_model_data": 3001120}, "model": "minecraft:slimefun/11_misc_items/organic_food_wheat"},
		{ "predicate": { "custom_model_data": 3001121}, "model": "minecraft:slimefun/11_misc_items/organic_food_carrot"},
		{ "predicate": { "custom_model_data": 3001122}, "model": "minecraft:slimefun/11_misc_items/organic_food_potato"},
		{ "predicate": { "custom_model_data": 3001123}, "model": "minecraft:slimefun/11_misc_items/organic_food_seeds"},
		{ "predicate": { "custom_model_data": 3001124}, "model": "minecraft:slimefun/11_misc_items/organic_food_beetroot"},
		{ "predicate": { "custom_model_data": 3001125}, "model": "minecraft:slimefun/11_misc_items/organic_food_melon"},
		{ "predicate": { "custom_model_data": 3001126}, "model": "minecraft:slimefun/11_misc_items/organic_food_apple"},
		{ "predicate": { "custom_model_data": 3001127}, "model": "minecraft:slimefun/11_misc_items/organic_food_sweet_berries"},
		{ "predicate": { "custom_model_data": 3001128}, "model": "minecraft:slimefun/11_misc_items/organic_food_dried_kelp"},
		{ "predicate": { "custom_model_data": 3001129}, "model": "minecraft:slimefun/11_misc_items/organic_food_cocoa_beans"},
		{ "predicate": { "custom_model_data": 3001130}, "model": "minecraft:slimefun/11_misc_items/organic_food_seagrass"},
		{ "predicate": { "custom_model_data": 3001131}, "model": "minecraft:slimefun/11_misc_items/organic_fertilizer_wheat"},
		{ "predicate": { "custom_model_data": 3001132}, "model": "minecraft:slimefun/11_misc_items/organic_fertilizer_carrot"},
		{ "predicate": { "custom_model_data": 3001133}, "model": "minecraft:slimefun/11_misc_items/organic_fertilizer_potato"},
		{ "predicate": { "custom_model_data": 3001134}, "model": "minecraft:slimefun/11_misc_items/organic_fertilizer_seeds"},
		{ "predicate": { "custom_model_data": 3001135}, "model": "minecraft:slimefun/11_misc_items/organic_fertilizer_beetroot"},
		{ "predicate": { "custom_model_data": 3001136}, "model": "minecraft:slimefun/11_misc_items/organic_fertilizer_melon"},
		{ "predicate": { "custom_model_data": 3001137}, "model": "minecraft:slimefun/11_misc_items/organic_fertilizer_apple"},
		{ "predicate": { "custom_model_data": 3001138}, "model": "minecraft:slimefun/11_misc_items/organic_fertilizer_sweet_berries"},
		{ "predicate": { "custom_model_data": 3001139}, "model": "minecraft:slimefun/11_misc_items/organic_fertilizer_dried_kelp"},
		{ "predicate": { "custom_model_data": 3001140}, "model": "minecraft:slimefun/11_misc_items/organic_fertilizer_cocoa_beans"},
		{ "predicate": { "custom_model_data": 3001141}, "model": "minecraft:slimefun/11_misc_items/organic_fertilizer_seagrass"},

		{ "predicate": { "custom_model_data": 3001400}, "model": "minecraft:slimefun/14_dyed_backpacks/small_backpack_white"},
		{ "predicate": { "custom_model_data": 3001401}, "model": "minecraft:slimefun/14_dyed_backpacks/small_backpack_orange"},
		{ "predicate": { "custom_model_data": 3001402}, "model": "minecraft:slimefun/14_dyed_backpacks/small_backpack_magenta"},
		{ "predicate": { "custom_model_data": 3001403}, "model": "minecraft:slimefun/14_dyed_backpacks/small_backpack_light_blue"},
		{ "predicate": { "custom_model_data": 3001404}, "model": "minecraft:slimefun/14_dyed_backpacks/small_backpack_yellow"},
		{ "predicate": { "custom_model_data": 3001405}, "model": "minecraft:slimefun/14_dyed_backpacks/small_backpack_lime"},
		{ "predicate": { "custom_model_data": 3001406}, "model": "minecraft:slimefun/14_dyed_backpacks/small_backpack_pink"},
		{ "predicate": { "custom_model_data": 3001407}, "model": "minecraft:slimefun/14_dyed_backpacks/small_backpack_dark_gray"},
		{ "predicate": { "custom_model_data": 3001408}, "model": "minecraft:slimefun/14_dyed_backpacks/small_backpack_light_gray"},
		{ "predicate": { "custom_model_data": 3001409}, "model": "minecraft:slimefun/14_dyed_backpacks/small_backpack_cyan"},
		{ "predicate": { "custom_model_data": 3001410}, "model": "minecraft:slimefun/14_dyed_backpacks/small_backpack_purple"},
		{ "predicate": { "custom_model_data": 3001411}, "model": "minecraft:slimefun/14_dyed_backpacks/small_backpack_blue"},
		{ "predicate": { "custom_model_data": 3001412}, "model": "minecraft:slimefun/14_dyed_backpacks/small_backpack_brown"},
		{ "predicate": { "custom_model_data": 3001413}, "model": "minecraft:slimefun/14_dyed_backpacks/small_backpack_green"},
		{ "predicate": { "custom_model_data": 3001414}, "model": "minecraft:slimefun/14_dyed_backpacks/small_backpack_red"},
		{ "predicate": { "custom_model_data": 3001415}, "model": "minecraft:slimefun/14_dyed_backpacks/small_backpack_black"},
		{ "predicate": { "custom_model_data": 3001416}, "model": "minecraft:slimefun/14_dyed_backpacks/med_backpack_white"},
		{ "predicate": { "custom_model_data": 3001417}, "model": "minecraft:slimefun/14_dyed_backpacks/med_backpack_orange"},
		{ "predicate": { "custom_model_data": 3001418}, "model": "minecraft:slimefun/14_dyed_backpacks/med_backpack_magenta"},
		{ "predicate": { "custom_model_data": 3001419}, "model": "minecraft:slimefun/14_dyed_backpacks/med_backpack_light_blue"},
		{ "predicate": { "custom_model_data": 3001420}, "model": "minecraft:slimefun/14_dyed_backpacks/med_backpack_yellow"},
		{ "predicate": { "custom_model_data": 3001421}, "model": "minecraft:slimefun/14_dyed_backpacks/med_backpack_lime"},
		{ "predicate": { "custom_model_data": 3001422}, "model": "minecraft:slimefun/14_dyed_backpacks/med_backpack_pink"},
		{ "predicate": { "custom_model_data": 3001423}, "model": "minecraft:slimefun/14_dyed_backpacks/med_backpack_dark_gray"},
		{ "predicate": { "custom_model_data": 3001424}, "model": "minecraft:slimefun/14_dyed_backpacks/med_backpack_light_gray"},
		{ "predicate": { "custom_model_data": 3001425}, "model": "minecraft:slimefun/14_dyed_backpacks/med_backpack_cyan"},
		{ "predicate": { "custom_model_data": 3001426}, "model": "minecraft:slimefun/14_dyed_backpacks/med_backpack_purple"},
		{ "predicate": { "custom_model_data": 3001427}, "model": "minecraft:slimefun/14_dyed_backpacks/med_backpack_blue"},
		{ "predicate": { "custom_model_data": 3001428}, "model": "minecraft:slimefun/14_dyed_backpacks/med_backpack_brown"},
		{ "predicate": { "custom_model_data": 3001429}, "model": "minecraft:slimefun/14_dyed_backpacks/med_backpack_green"},
		{ "predicate": { "custom_model_data": 3001430}, "model": "minecraft:slimefun/14_dyed_backpacks/med_backpack_red"},
		{ "predicate": { "custom_model_data": 3001431}, "model": "minecraft:slimefun/14_dyed_backpacks/med_backpack_black"},
		{ "predicate": { "custom_model_data": 3001432}, "model": "minecraft:slimefun/14_dyed_backpacks/large_backpack_white"},
		{ "predicate": { "custom_model_data": 3001433}, "model": "minecraft:slimefun/14_dyed_backpacks/large_backpack_orange"},
		{ "predicate": { "custom_model_data": 3001434}, "model": "minecraft:slimefun/14_dyed_backpacks/large_backpack_magenta"},
		{ "predicate": { "custom_model_data": 3001435}, "model": "minecraft:slimefun/14_dyed_backpacks/large_backpack_light_blue"},
		{ "predicate": { "custom_model_data": 3001436}, "model": "minecraft:slimefun/14_dyed_backpacks/large_backpack_yellow"},
		{ "predicate": { "custom_model_data": 3001437}, "model": "minecraft:slimefun/14_dyed_backpacks/large_backpack_lime"},
		{ "predicate": { "custom_model_data": 3001438}, "model": "minecraft:slimefun/14_dyed_backpacks/large_backpack_pink"},
		{ "predicate": { "custom_model_data": 3001439}, "model": "minecraft:slimefun/14_dyed_backpacks/large_backpack_dark_gray"},
		{ "predicate": { "custom_model_data": 3001440}, "model": "minecraft:slimefun/14_dyed_backpacks/large_backpack_light_gray"},
		{ "predicate": { "custom_model_data": 3001441}, "model": "minecraft:slimefun/14_dyed_backpacks/large_backpack_cyan"},
		{ "predicate": { "custom_model_data": 3001442}, "model": "minecraft:slimefun/14_dyed_backpacks/large_backpack_purple"},
		{ "predicate": { "custom_model_data": 3001443}, "model": "minecraft:slimefun/14_dyed_backpacks/large_backpack_blue"},
		{ "predicate": { "custom_model_data": 3001444}, "model": "minecraft:slimefun/14_dyed_backpacks/large_backpack_brown"},
		{ "predicate": { "custom_model_data": 3001445}, "model": "minecraft:slimefun/14_dyed_backpacks/large_backpack_green"},
		{ "predicate": { "custom_model_data": 3001446}, "model": "minecraft:slimefun/14_dyed_backpacks/large_backpack_red"},
		{ "predicate": { "custom_model_data": 3001447}, "model": "minecraft:slimefun/14_dyed_backpacks/large_backpack_black"},
		{ "predicate": { "custom_model_data": 3001448}, "model": "minecraft:slimefun/14_dyed_backpacks/woven_backpack_white"},
		{ "predicate": { "custom_model_data": 3001449}, "model": "minecraft:slimefun/14_dyed_backpacks/woven_backpack_orange"},
		{ "predicate": { "custom_model_data": 3001450}, "model": "minecraft:slimefun/14_dyed_backpacks/woven_backpack_magenta"},
		{ "predicate": { "custom_model_data": 3001451}, "model": "minecraft:slimefun/14_dyed_backpacks/woven_backpack_light_blue"},
		{ "predicate": { "custom_model_data": 3001452}, "model": "minecraft:slimefun/14_dyed_backpacks/woven_backpack_yellow"},
		{ "predicate": { "custom_model_data": 3001453}, "model": "minecraft:slimefun/14_dyed_backpacks/woven_backpack_lime"},
		{ "predicate": { "custom_model_data": 3001454}, "model": "minecraft:slimefun/14_dyed_backpacks/woven_backpack_pink"},
		{ "predicate": { "custom_model_data": 3001455}, "model": "minecraft:slimefun/14_dyed_backpacks/woven_backpack_dark_gray"},
		{ "predicate": { "custom_model_data": 3001456}, "model": "minecraft:slimefun/14_dyed_backpacks/woven_backpack_light_gray"},
		{ "predicate": { "custom_model_data": 3001457}, "model": "minecraft:slimefun/14_dyed_backpacks/woven_backpack_cyan"},
		{ "predicate": { "custom_model_data": 3001458}, "model": "minecraft:slimefun/14_dyed_backpacks/woven_backpack_purple"},
		{ "predicate": { "custom_model_data": 3001459}, "model": "minecraft:slimefun/14_dyed_backpacks/woven_backpack_blue"},
		{ "predicate": { "custom_model_data": 3001460}, "model": "minecraft:slimefun/14_dyed_backpacks/woven_backpack_brown"},
		{ "predicate": { "custom_model_data": 3001461}, "model": "minecraft:slimefun/14_dyed_backpacks/woven_backpack_green"},
		{ "predicate": { "custom_model_data": 3001462}, "model": "minecraft:slimefun/14_dyed_backpacks/woven_backpack_red"},
		{ "predicate": { "custom_model_data": 3001463}, "model": "minecraft:slimefun/14_dyed_backpacks/woven_backpack_black"},
		{ "predicate": { "custom_model_data": 3001464}, "model": "minecraft:slimefun/14_dyed_backpacks/gilded_backpack_white"},
		{ "predicate": { "custom_model_data": 3001465}, "model": "minecraft:slimefun/14_dyed_backpacks/gilded_backpack_orange"},
		{ "predicate": { "custom_model_data": 3001466}, "model": "minecraft:slimefun/14_dyed_backpacks/gilded_backpack_magenta"},
		{ "predicate": { "custom_model_data": 3001467}, "model": "minecraft:slimefun/14_dyed_backpacks/gilded_backpack_light_blue"},
		{ "predicate": { "custom_model_data": 3001468}, "model": "minecraft:slimefun/14_dyed_backpacks/gilded_backpack_yellow"},
		{ "predicate": { "custom_model_data": 3001469}, "model": "minecraft:slimefun/14_dyed_backpacks/gilded_backpack_lime"},
		{ "predicate": { "custom_model_data": 3001470}, "model": "minecraft:slimefun/14_dyed_backpacks/gilded_backpack_pink"},
		{ "predicate": { "custom_model_data": 3001471}, "model": "minecraft:slimefun/14_dyed_backpacks/gilded_backpack_dark_gray"},
		{ "predicate": { "custom_model_data": 3001472}, "model": "minecraft:slimefun/14_dyed_backpacks/gilded_backpack_light_gray"},
		{ "predicate": { "custom_model_data": 3001473}, "model": "minecraft:slimefun/14_dyed_backpacks/gilded_backpack_cyan"},
		{ "predicate": { "custom_model_data": 3001474}, "model": "minecraft:slimefun/14_dyed_backpacks/gilded_backpack_purple"},
		{ "predicate": { "custom_model_data": 3001475}, "model": "minecraft:slimefun/14_dyed_backpacks/gilded_backpack_blue"},
		{ "predicate": { "custom_model_data": 3001476}, "model": "minecraft:slimefun/14_dyed_backpacks/gilded_backpack_brown"},
		{ "predicate": { "custom_model_data": 3001477}, "model": "minecraft:slimefun/14_dyed_backpacks/gilded_backpack_green"},
		{ "predicate": { "custom_model_data": 3001478}, "model": "minecraft:slimefun/14_dyed_backpacks/gilded_backpack_red"},
		{ "predicate": { "custom_model_data": 3001479}, "model": "minecraft:slimefun/14_dyed_backpacks/gilded_backpack_black"},
		{ "predicate": { "custom_model_data": 3001480}, "model": "minecraft:slimefun/14_dyed_backpacks/radiant_backpack_white"},
		{ "predicate": { "custom_model_data": 3001481}, "model": "minecraft:slimefun/14_dyed_backpacks/radiant_backpack_orange"},
		{ "predicate": { "custom_model_data": 3001482}, "model": "minecraft:slimefun/14_dyed_backpacks/radiant_backpack_magenta"},
		{ "predicate": { "custom_model_data": 3001483}, "model": "minecraft:slimefun/14_dyed_backpacks/radiant_backpack_light_blue"},
		{ "predicate": { "custom_model_data": 3001484}, "model": "minecraft:slimefun/14_dyed_backpacks/radiant_backpack_yellow"},
		{ "predicate": { "custom_model_data": 3001485}, "model": "minecraft:slimefun/14_dyed_backpacks/radiant_backpack_lime"},
		{ "predicate": { "custom_model_data": 3001486}, "model": "minecraft:slimefun/14_dyed_backpacks/radiant_backpack_pink"},
		{ "predicate": { "custom_model_data": 3001487}, "model": "minecraft:slimefun/14_dyed_backpacks/radiant_backpack_dark_gray"},
		{ "predicate": { "custom_model_data": 3001488}, "model": "minecraft:slimefun/14_dyed_backpacks/radiant_backpack_light_gray"},
		{ "predicate": { "custom_model_data": 3001489}, "model": "minecraft:slimefun/14_dyed_backpacks/radiant_backpack_cyan"},
		{ "predicate": { "custom_model_data": 3001490}, "model": "minecraft:slimefun/14_dyed_backpacks/radiant_backpack_purple"},
		{ "predicate": { "custom_model_data": 3001491}, "model": "minecraft:slimefun/14_dyed_backpacks/radiant_backpack_blue"},
		{ "predicate": { "custom_model_data": 3001492}, "model": "minecraft:slimefun/14_dyed_backpacks/radiant_backpack_brown"},
		{ "predicate": { "custom_model_data": 3001493}, "model": "minecraft:slimefun/14_dyed_backpacks/radiant_backpack_green"},
		{ "predicate": { "custom_model_data": 3001494}, "model": "minecraft:slimefun/14_dyed_backpacks/radiant_backpack_red"},
		{ "predicate": { "custom_model_data": 3001495}, "model": "minecraft:slimefun/14_dyed_backpacks/radiant_backpack_black"},

		{ "predicate": { "custom_model_data": 3001600}, "model": "minecraft:slimefun/15_magical_gadgets/ender_backpack"},
		{ "predicate": { "custom_model_data": 3001608}, "model": "minecraft:slimefun/15_magical_gadgets/infused_magnet"},
		{ "predicate": { "custom_model_data": 3001609}, "model": "minecraft:slimefun/15_magical_gadgets/soulbound_backpack"},


		{ "predicate": { "custom_model_data": 3002000}, "model": "minecraft:slimefun/24_galactifun/galactifun/gas_canister_oxygen"},
		{ "predicate": { "custom_model_data": 3002001}, "model": "minecraft:slimefun/24_galactifun/galactifun/gas_canister_nitrogen"},
		{ "predicate": { "custom_model_data": 3002002}, "model": "minecraft:slimefun/24_galactifun/galactifun/gas_canister_carbon_dioxide"},
		{ "predicate": { "custom_model_data": 3002003}, "model": "minecraft:slimefun/24_galactifun/galactifun/gas_canister_water"},
		{ "predicate": { "custom_model_data": 3002004}, "model": "minecraft:slimefun/24_galactifun/galactifun/gas_canister_helium"},
		{ "predicate": { "custom_model_data": 3002005}, "model": "minecraft:slimefun/24_galactifun/galactifun/gas_canister_argon"},
		{ "predicate": { "custom_model_data": 3002006}, "model": "minecraft:slimefun/24_galactifun/galactifun/gas_canister_methane"},
		{ "predicate": { "custom_model_data": 3002007}, "model": "minecraft:slimefun/24_galactifun/galactifun/gas_canister_hydrocarbons"},
		{ "predicate": { "custom_model_data": 3002008}, "model": "minecraft:slimefun/24_galactifun/galactifun/gas_canister_hydrogen"},
		{ "predicate": { "custom_model_data": 3002009}, "model": "minecraft:slimefun/24_galactifun/galactifun/gas_canister_ammonia"},
		{ "predicate": { "custom_model_data": 3002014}, "model": "minecraft:slimefun/24_galactifun/galactifun/life_support_module"},
		{ "predicate": { "custom_model_data": 3002018}, "model": "minecraft:slimefun/24_galactifun/galactifun/moon_cheese"},
		{ "predicate": { "custom_model_data": 3002019}, "model": "minecraft:slimefun/24_galactifun/galactifun/chemical_rocket_tier1"},
		{ "predicate": { "custom_model_data": 3002020}, "model": "minecraft:slimefun/24_galactifun/galactifun/chemical_rocket_tier2"},
		{ "predicate": { "custom_model_data": 3002021}, "model": "minecraft:slimefun/24_galactifun/galactifun/chemical_rocket_tier3"},
		{ "predicate": { "custom_model_data": 3002026}, "model": "minecraft:slimefun/24_galactifun/galactifun/ion_rocket"},

		{ "predicate": { "custom_model_data": 3002109}, "model": "minecraft:slimefun/24_galactifun/components/fan_blade"},
		{ "predicate": { "custom_model_data": 3002112}, "model": "minecraft:slimefun/24_galactifun/components/oxygen_regenerator"},
		{ "predicate": { "custom_model_data": 3002115}, "model": "minecraft:slimefun/24_galactifun/components/advanced_processing_unit"},
		{ "predicate": { "custom_model_data": 3002116}, "model": "minecraft:slimefun/24_galactifun/components/fuel_tank"},
		{ "predicate": { "custom_model_data": 3002117}, "model": "minecraft:slimefun/24_galactifun/components/fuel_tank_mk2"},

		{ "predicate": { "custom_model_data": 3002204}, "model": "minecraft:slimefun/24_galactifun/machines/cooling_unit_machine"},
		{ "predicate": { "custom_model_data": 3002205}, "model": "minecraft:slimefun/24_galactifun/machines/cooling_unit_machine_2"},
		{ "predicate": { "custom_model_data": 3002206}, "model": "minecraft:slimefun/24_galactifun/machines/cooling_unit_machine_3"},
		{ "predicate": { "custom_model_data": 3002222}, "model": "minecraft:slimefun/24_galactifun/machines/technological_salvager"},

		{ "predicate": { "custom_model_data": 3003100}, "model": "minecraft:slimefun/19_soul_jars/soul_jar_empty"},
		{ "predicate": { "custom_model_data": 3003101}, "model": "minecraft:slimefun/19_soul_jars/soul_jar_filled"},
		{ "predicate": { "custom_model_data": 3003226}, "model": "minecraft:slimefun/19_soul_jars/soul_jar_filled"},

		{ "predicate": { "custom_model_data": 3003310}, "model": "minecraft:slimefun/21_slimy_treetaps/amber"},
		{ "predicate": { "custom_model_data": 3003312}, "model": "minecraft:slimefun/21_slimy_treetaps/blue_ender_pearl"},
		
		{ "predicate": { "custom_model_data": 3003400}, "model": "minecraft:slimefun/32_ore_chunks/iron_ore_chunk"},
		{ "predicate": { "custom_model_data": 3003401}, "model": "minecraft:slimefun/32_ore_chunks/gold_ore_chunk"},
		{ "predicate": { "custom_model_data": 3003402}, "model": "minecraft:slimefun/32_ore_chunks/copper_ore_chunk"},
		{ "predicate": { "custom_model_data": 3003403}, "model": "minecraft:slimefun/32_ore_chunks/tin_ore_chunk"},
		{ "predicate": { "custom_model_data": 3003404}, "model": "minecraft:slimefun/32_ore_chunks/silver_ore_chunk"},
		{ "predicate": { "custom_model_data": 3003405}, "model": "minecraft:slimefun/32_ore_chunks/aluminum_ore_chunk"},
		{ "predicate": { "custom_model_data": 3003406}, "model": "minecraft:slimefun/32_ore_chunks/lead_ore_chunk"},
		{ "predicate": { "custom_model_data": 3003407}, "model": "minecraft:slimefun/32_ore_chunks/zinc_ore_chunk"},
		{ "predicate": { "custom_model_data": 3003408}, "model": "minecraft:slimefun/32_ore_chunks/magnesium_ore_chunk"},
		{ "predicate": { "custom_model_data": 3003409}, "model": "minecraft:slimefun/32_ore_chunks/nickel_ore_chunk"},
		{ "predicate": { "custom_model_data": 3003410}, "model": "minecraft:slimefun/32_ore_chunks/cobalt_ore_chunk"},
		
		{ "predicate": { "custom_model_data": 3003500}, "model": "minecraft:slimefun/33_private_storage/oak_chest"},
		{ "predicate": { "custom_model_data": 3003501}, "model": "minecraft:slimefun/33_private_storage/birch_chest"},
		{ "predicate": { "custom_model_data": 3003502}, "model": "minecraft:slimefun/33_private_storage/spruce_chest"},
		{ "predicate": { "custom_model_data": 3003503}, "model": "minecraft:slimefun/33_private_storage/jungle_chest"},
		{ "predicate": { "custom_model_data": 3003504}, "model": "minecraft:slimefun/33_private_storage/acacia_chest"},
		{ "predicate": { "custom_model_data": 3003505}, "model": "minecraft:slimefun/33_private_storage/dark_oak_chest"},
		{ "predicate": { "custom_model_data": 3003506}, "model": "minecraft:slimefun/33_private_storage/iron_chest"},
		{ "predicate": { "custom_model_data": 3003507}, "model": "minecraft:slimefun/33_private_storage/golden_chest"},
		{ "predicate": { "custom_model_data": 3003508}, "model": "minecraft:slimefun/33_private_storage/diamond_chest"},
		{ "predicate": { "custom_model_data": 3003509}, "model": "minecraft:slimefun/33_private_storage/emerald_chest"},
		{ "predicate": { "custom_model_data": 3003510}, "model": "minecraft:slimefun/33_private_storage/obsidian_chest"},
		{ "predicate": { "custom_model_data": 3003511}, "model": "minecraft:slimefun/33_private_storage/steel_chest"},
		{ "predicate": { "custom_model_data": 3003512}, "model": "minecraft:slimefun/33_private_storage/oak_safe"},
		{ "predicate": { "custom_model_data": 3003513}, "model": "minecraft:slimefun/33_private_storage/birch_safe"},
		{ "predicate": { "custom_model_data": 3003514}, "model": "minecraft:slimefun/33_private_storage/spruce_safe"},
		{ "predicate": { "custom_model_data": 3003515}, "model": "minecraft:slimefun/33_private_storage/jungle_safe"},
		{ "predicate": { "custom_model_data": 3003516}, "model": "minecraft:slimefun/33_private_storage/acacia_safe"},
		{ "predicate": { "custom_model_data": 3003517}, "model": "minecraft:slimefun/33_private_storage/dark_oak_safe"},
		{ "predicate": { "custom_model_data": 3003518}, "model": "minecraft:slimefun/33_private_storage/iron_safe"},
		{ "predicate": { "custom_model_data": 3003519}, "model": "minecraft:slimefun/33_private_storage/golden_safe"},
		{ "predicate": { "custom_model_data": 3003520}, "model": "minecraft:slimefun/33_private_storage/diamond_safe"},
		{ "predicate": { "custom_model_data": 3003521}, "model": "minecraft:slimefun/33_private_storage/emerald_safe"},
		{ "predicate": { "custom_model_data": 3003522}, "model": "minecraft:slimefun/33_private_storage/obsidian_safe"},
		{ "predicate": { "custom_model_data": 3003523}, "model": "minecraft:slimefun/33_private_storage/steel_safe"},

		{ "predicate": { "custom_model_data": 3003700}, "model": "minecraft:slimefun/20_mob_capturer/mob_capturing_pellet"},

		{ "predicate": { "custom_model_data": 3003800}, "model": "minecraft:slimefun/17_hotbar_pets/hotbar_pet_pig"},
		{ "predicate": { "custom_model_data": 3003801}, "model": "minecraft:slimefun/17_hotbar_pets/hotbar_pet_chicken"},
		{ "predicate": { "custom_model_data": 3003802}, "model": "minecraft:slimefun/17_hotbar_pets/hotbar_pet_mooshroom"},
		{ "predicate": { "custom_model_data": 3003803}, "model": "minecraft:slimefun/17_hotbar_pets/hotbar_pet_cow"},
		{ "predicate": { "custom_model_data": 3003804}, "model": "minecraft:slimefun/17_hotbar_pets/hotbar_pet_golden_cow"},
		{ "predicate": { "custom_model_data": 3003805}, "model": "minecraft:slimefun/17_hotbar_pets/hotbar_pet_fish"},
		{ "predicate": { "custom_model_data": 3003806}, "model": "minecraft:slimefun/17_hotbar_pets/hotbar_pet_squid"},
		{ "predicate": { "custom_model_data": 3003807}, "model": "minecraft:slimefun/17_hotbar_pets/hotbar_pet_rabbit"},
		{ "predicate": { "custom_model_data": 3003808}, "model": "minecraft:slimefun/17_hotbar_pets/hotbar_pet_dolphin"},
		{ "predicate": { "custom_model_data": 3003809}, "model": "minecraft:slimefun/17_hotbar_pets/hotbar_pet_panda"},
		{ "predicate": { "custom_model_data": 3003810}, "model": "minecraft:slimefun/17_hotbar_pets/hotbar_pet_iron_golem"},
		{ "predicate": { "custom_model_data": 3003811}, "model": "minecraft:slimefun/17_hotbar_pets/hotbar_pet_slime"},
		{ "predicate": { "custom_model_data": 3003812}, "model": "minecraft:slimefun/17_hotbar_pets/hotbar_pet_spider"},
		{ "predicate": { "custom_model_data": 3003813}, "model": "minecraft:slimefun/17_hotbar_pets/hotbar_pet_ghast"},
		{ "predicate": { "custom_model_data": 3003814}, "model": "minecraft:slimefun/17_hotbar_pets/hotbar_pet_shulker"},
		{ "predicate": { "custom_model_data": 3003815}, "model": "minecraft:slimefun/17_hotbar_pets/hotbar_pet_phantom"},
		{ "predicate": { "custom_model_data": 3003816}, "model": "minecraft:slimefun/17_hotbar_pets/hotbar_pet_enderman"},
		{ "predicate": { "custom_model_data": 3003818}, "model": "minecraft:slimefun/17_hotbar_pets/hotbar_pet_magma_cube"},
		{ "predicate": { "custom_model_data": 3003819}, "model": "minecraft:slimefun/17_hotbar_pets/hotbar_pet_blaze"},
		{ "predicate": { "custom_model_data": 3003822}, "model": "minecraft:slimefun/17_hotbar_pets/hotbar_pet_wither"},
		{ "predicate": { "custom_model_data": 3003824}, "model": "minecraft:slimefun/17_hotbar_pets/hotbar_pet_ender_chest"},
		{ "predicate": { "custom_model_data": 3003825}, "model": "minecraft:slimefun/17_hotbar_pets/hotbar_pet_workbench"},
		{ "predicate": { "custom_model_data": 3003826}, "model": "minecraft:slimefun/17_hotbar_pets/hotbar_pet_purplicious_cow"},
		{ "predicate": { "custom_model_data": 3003827}, "model": "minecraft:slimefun/17_hotbar_pets/hotbar_pet_mrcookieslime"},
		{ "predicate": { "custom_model_data": 3003828}, "model": "minecraft:slimefun/17_hotbar_pets/hotbar_pet_patriot"},
		{ "predicate": { "custom_model_data": 3003829}, "model": "minecraft:slimefun/17_hotbar_pets/hotbar_pet_walshrus"},
		{ "predicate": { "custom_model_data": 3003830}, "model": "minecraft:slimefun/17_hotbar_pets/hotbar_pet_eyamaz"},

		{ "predicate": { "custom_model_data": 3003920}, "model": "minecraft:slimefun/27_foxy_machines/blood_infused_skull"},

		{ "predicate": { "custom_model_data": 3004000}, "model": "minecraft:slimefun/27_foxy_machines/improvement_core"},

		{ "predicate": { "custom_model_data": 3004920}, "model": "minecraft:slimefun/22_flower_power/infinity_apple"},

		{ "predicate": { "custom_model_data": 3005001}, "model": "minecraft:slimefun/18_exotic_garden/plants/grape"},
		{ "predicate": { "custom_model_data": 3005003}, "model": "minecraft:slimefun/18_exotic_garden/plants/blueberry"},
		{ "predicate": { "custom_model_data": 3005005}, "model": "minecraft:slimefun/18_exotic_garden/plants/elderberry"},
		{ "predicate": { "custom_model_data": 3005007}, "model": "minecraft:slimefun/18_exotic_garden/plants/raspberry"},
		{ "predicate": { "custom_model_data": 3005009}, "model": "minecraft:slimefun/18_exotic_garden/plants/blackberry"},
		{ "predicate": { "custom_model_data": 3005011}, "model": "minecraft:slimefun/18_exotic_garden/plants/cranberry"},
		{ "predicate": { "custom_model_data": 3005013}, "model": "minecraft:slimefun/18_exotic_garden/plants/cowberry"},
		{ "predicate": { "custom_model_data": 3005015}, "model": "minecraft:slimefun/18_exotic_garden/plants/strawberry"},
		{ "predicate": { "custom_model_data": 3005017}, "model": "minecraft:slimefun/18_exotic_garden/plants/tomato"},
		{ "predicate": { "custom_model_data": 3005019}, "model": "minecraft:slimefun/18_exotic_garden/plants/lettuce"},
		{ "predicate": { "custom_model_data": 3005021}, "model": "minecraft:slimefun/18_exotic_garden/plants/tea_leaf"},
		{ "predicate": { "custom_model_data": 3005023}, "model": "minecraft:slimefun/18_exotic_garden/plants/cabbage"},
		{ "predicate": { "custom_model_data": 3005025}, "model": "minecraft:slimefun/18_exotic_garden/plants/sweet_potato"},
		{ "predicate": { "custom_model_data": 3005027}, "model": "minecraft:slimefun/18_exotic_garden/plants/mustard_seed"},
		{ "predicate": { "custom_model_data": 3005029}, "model": "minecraft:slimefun/18_exotic_garden/plants/curry_leaf"},
		{ "predicate": { "custom_model_data": 3005031}, "model": "minecraft:slimefun/18_exotic_garden/plants/onion"},
		{ "predicate": { "custom_model_data": 3005033}, "model": "minecraft:slimefun/18_exotic_garden/plants/garlic"},
		{ "predicate": { "custom_model_data": 3005035}, "model": "minecraft:slimefun/18_exotic_garden/plants/cilantro"},
		{ "predicate": { "custom_model_data": 3005037}, "model": "minecraft:slimefun/18_exotic_garden/plants/black_pepper"},
		{ "predicate": { "custom_model_data": 3005039}, "model": "minecraft:slimefun/18_exotic_garden/plants/corn"},
		{ "predicate": { "custom_model_data": 3005041}, "model": "minecraft:slimefun/18_exotic_garden/plants/pineapple"},
		{ "predicate": { "custom_model_data": 3005043}, "model": "minecraft:slimefun/18_exotic_garden/plants/red_bell_pepper"},
		{ "predicate": { "custom_model_data": 3005045}, "model": "minecraft:slimefun/18_exotic_garden/plants/oak_apple"},
		{ "predicate": { "custom_model_data": 3005047}, "model": "minecraft:slimefun/18_exotic_garden/plants/coconut"},
		{ "predicate": { "custom_model_data": 3005049}, "model": "minecraft:slimefun/18_exotic_garden/plants/cherry"},
		{ "predicate": { "custom_model_data": 3005051}, "model": "minecraft:slimefun/18_exotic_garden/plants/pomegranate"},
		{ "predicate": { "custom_model_data": 3005053}, "model": "minecraft:slimefun/18_exotic_garden/plants/lemon"},
		{ "predicate": { "custom_model_data": 3005055}, "model": "minecraft:slimefun/18_exotic_garden/plants/plum"},
		{ "predicate": { "custom_model_data": 3005057}, "model": "minecraft:slimefun/18_exotic_garden/plants/lime"},
		{ "predicate": { "custom_model_data": 3005059}, "model": "minecraft:slimefun/18_exotic_garden/plants/orange"},
		{ "predicate": { "custom_model_data": 3005061}, "model": "minecraft:slimefun/18_exotic_garden/plants/peach"},
		{ "predicate": { "custom_model_data": 3005063}, "model": "minecraft:slimefun/18_exotic_garden/plants/pear"},
		{ "predicate": { "custom_model_data": 3005065}, "model": "minecraft:slimefun/18_exotic_garden/plants/dragon_fruit"},

		{ "predicate": { "custom_model_data": 3005101}, "model": "minecraft:slimefun/18_exotic_garden/tools/ice_cube"},
		{ "predicate": { "custom_model_data": 3005102}, "model": "minecraft:slimefun/18_exotic_garden/tools/mayo"},
		{ "predicate": { "custom_model_data": 3005103}, "model": "minecraft:slimefun/18_exotic_garden/tools/mustard"},
		{ "predicate": { "custom_model_data": 3005104}, "model": "minecraft:slimefun/18_exotic_garden/tools/bbq_sauce"},
		{ "predicate": { "custom_model_data": 3005105}, "model": "minecraft:slimefun/18_exotic_garden/tools/vegetable_oil"},
		{ "predicate": { "custom_model_data": 3005107}, "model": "minecraft:slimefun/18_exotic_garden/tools/yeast"},
		{ "predicate": { "custom_model_data": 3005108}, "model": "minecraft:slimefun/18_exotic_garden/tools/molasses"},
		{ "predicate": { "custom_model_data": 3005109}, "model": "minecraft:slimefun/18_exotic_garden/tools/brown_sugar"},
		{ "predicate": { "custom_model_data": 3005110}, "model": "minecraft:slimefun/18_exotic_garden/tools/country_gravy"},

		{ "predicate": { "custom_model_data": 3005200}, "model": "minecraft:slimefun/18_exotic_garden/food/grape_jelly_sandwich"},
		{ "predicate": { "custom_model_data": 3005201}, "model": "minecraft:slimefun/18_exotic_garden/food/grape_pie"},
		{ "predicate": { "custom_model_data": 3005202}, "model": "minecraft:slimefun/18_exotic_garden/food/blueberry_jelly_sandwich"},
		{ "predicate": { "custom_model_data": 3005203}, "model": "minecraft:slimefun/18_exotic_garden/food/blueberry_pie"},
		{ "predicate": { "custom_model_data": 3005204}, "model": "minecraft:slimefun/18_exotic_garden/food/elderberry_jelly_sandwich"},
		{ "predicate": { "custom_model_data": 3005205}, "model": "minecraft:slimefun/18_exotic_garden/food/elderberry_pie"},
		{ "predicate": { "custom_model_data": 3005206}, "model": "minecraft:slimefun/18_exotic_garden/food/raspberry_jelly_sandwich"},
		{ "predicate": { "custom_model_data": 3005207}, "model": "minecraft:slimefun/18_exotic_garden/food/raspberry_pie"},
		{ "predicate": { "custom_model_data": 3005208}, "model": "minecraft:slimefun/18_exotic_garden/food/blackberry_jelly_sandwich"},
		{ "predicate": { "custom_model_data": 3005209}, "model": "minecraft:slimefun/18_exotic_garden/food/blackberry_pie"},
		{ "predicate": { "custom_model_data": 3005210}, "model": "minecraft:slimefun/18_exotic_garden/food/cranberry_jelly_sandwich"},
		{ "predicate": { "custom_model_data": 3005211}, "model": "minecraft:slimefun/18_exotic_garden/food/cranberry_pie"},
		{ "predicate": { "custom_model_data": 3005212}, "model": "minecraft:slimefun/18_exotic_garden/food/cowberry_jelly_sandwich"},
		{ "predicate": { "custom_model_data": 3005213}, "model": "minecraft:slimefun/18_exotic_garden/food/cowberry_pie"},
		{ "predicate": { "custom_model_data": 3005214}, "model": "minecraft:slimefun/18_exotic_garden/food/strawberry_jelly_sandwich"},
		{ "predicate": { "custom_model_data": 3005215}, "model": "minecraft:slimefun/18_exotic_garden/food/strawberry_pie"},
		{ "predicate": { "custom_model_data": 3005216}, "model": "minecraft:slimefun/18_exotic_garden/food/oak_apple_pie"},
		{ "predicate": { "custom_model_data": 3005217}, "model": "minecraft:slimefun/18_exotic_garden/food/cherry_pie"},
		{ "predicate": { "custom_model_data": 3005218}, "model": "minecraft:slimefun/18_exotic_garden/food/pomegranate_pie"},
		{ "predicate": { "custom_model_data": 3005219}, "model": "minecraft:slimefun/18_exotic_garden/food/lemon_pie"},
		{ "predicate": { "custom_model_data": 3005220}, "model": "minecraft:slimefun/18_exotic_garden/food/plum_pie"},
		{ "predicate": { "custom_model_data": 3005221}, "model": "minecraft:slimefun/18_exotic_garden/food/lime_pie"},
		{ "predicate": { "custom_model_data": 3005222}, "model": "minecraft:slimefun/18_exotic_garden/food/orange_pie"},
		{ "predicate": { "custom_model_data": 3005223}, "model": "minecraft:slimefun/18_exotic_garden/food/peach_pie"},
		{ "predicate": { "custom_model_data": 3005224}, "model": "minecraft:slimefun/18_exotic_garden/food/pear_pie"},
		{ "predicate": { "custom_model_data": 3005225}, "model": "minecraft:slimefun/18_exotic_garden/food/dragon_fruit_pie"},
		{ "predicate": { "custom_model_data": 3005226}, "model": "minecraft:slimefun/18_exotic_garden/food/pumpkin_bread"},
		{ "predicate": { "custom_model_data": 3005227}, "model": "minecraft:slimefun/18_exotic_garden/food/chocolate_bar"},
		{ "predicate": { "custom_model_data": 3005228}, "model": "minecraft:slimefun/18_exotic_garden/food/potato_salad"},
		{ "predicate": { "custom_model_data": 3005229}, "model": "minecraft:slimefun/18_exotic_garden/food/chicken_sandwich"},
		{ "predicate": { "custom_model_data": 3005230}, "model": "minecraft:slimefun/18_exotic_garden/food/fish_sandwich"},
		{ "predicate": { "custom_model_data": 3005231}, "model": "minecraft:slimefun/18_exotic_garden/food/bagel"},
		{ "predicate": { "custom_model_data": 3005232}, "model": "minecraft:slimefun/18_exotic_garden/food/egg_salad"},
		{ "predicate": { "custom_model_data": 3005233}, "model": "minecraft:slimefun/18_exotic_garden/food/tomato_soup"},
		{ "predicate": { "custom_model_data": 3005234}, "model": "minecraft:slimefun/18_exotic_garden/food/strawberry_salad"},
		{ "predicate": { "custom_model_data": 3005235}, "model": "minecraft:slimefun/18_exotic_garden/food/grape_salad"},
		{ "predicate": { "custom_model_data": 3005236}, "model": "minecraft:slimefun/18_exotic_garden/food/chicken_curry"},
		{ "predicate": { "custom_model_data": 3005237}, "model": "minecraft:slimefun/18_exotic_garden/food/coconut_chicken_curry"},
		{ "predicate": { "custom_model_data": 3005238}, "model": "minecraft:slimefun/18_exotic_garden/food/biscuit"},
		{ "predicate": { "custom_model_data": 3005239}, "model": "minecraft:slimefun/18_exotic_garden/food/biscuits_and_country_gravy"},
		{ "predicate": { "custom_model_data": 3005240}, "model": "minecraft:slimefun/18_exotic_garden/food/cheesecake"},
		{ "predicate": { "custom_model_data": 3005241}, "model": "minecraft:slimefun/18_exotic_garden/food/cherry_cheesecake"},
		{ "predicate": { "custom_model_data": 3005242}, "model": "minecraft:slimefun/18_exotic_garden/food/blueberry_cheesecake"},
		{ "predicate": { "custom_model_data": 3005243}, "model": "minecraft:slimefun/18_exotic_garden/food/pumpkin_cheesecake"},
		{ "predicate": { "custom_model_data": 3005244}, "model": "minecraft:slimefun/18_exotic_garden/food/sweetened_pear_cheesecake"},
		{ "predicate": { "custom_model_data": 3005245}, "model": "minecraft:slimefun/18_exotic_garden/food/blackberry_cobbler"},
		{ "predicate": { "custom_model_data": 3005246}, "model": "minecraft:slimefun/18_exotic_garden/food/pavlova"},
		{ "predicate": { "custom_model_data": 3005248}, "model": "minecraft:slimefun/18_exotic_garden/food/creamed_corn"},
		{ "predicate": { "custom_model_data": 3005249}, "model": "minecraft:slimefun/18_exotic_garden/food/bacon"},
		{ "predicate": { "custom_model_data": 3005250}, "model": "minecraft:slimefun/18_exotic_garden/food/sandwich"},
		{ "predicate": { "custom_model_data": 3005251}, "model": "minecraft:slimefun/18_exotic_garden/food/blt"},
		{ "predicate": { "custom_model_data": 3005252}, "model": "minecraft:slimefun/18_exotic_garden/food/leafy_chicken_sandwich"},
		{ "predicate": { "custom_model_data": 3005253}, "model": "minecraft:slimefun/18_exotic_garden/food/leafy_fish_sandwich"},
		{ "predicate": { "custom_model_data": 3005254}, "model": "minecraft:slimefun/18_exotic_garden/food/hamburger"},
		{ "predicate": { "custom_model_data": 3005255}, "model": "minecraft:slimefun/18_exotic_garden/food/cheeseburger"},
		{ "predicate": { "custom_model_data": 3005256}, "model": "minecraft:slimefun/18_exotic_garden/food/bacon_cheeseburger"},
		{ "predicate": { "custom_model_data": 3005257}, "model": "minecraft:slimefun/18_exotic_garden/food/deluxe_cheeseburger"},
		{ "predicate": { "custom_model_data": 3005258}, "model": "minecraft:slimefun/18_exotic_garden/food/garlic_bread"},
		{ "predicate": { "custom_model_data": 3005259}, "model": "minecraft:slimefun/18_exotic_garden/food/garlic_cheese_bread"},
		{ "predicate": { "custom_model_data": 3005260}, "model": "minecraft:slimefun/18_exotic_garden/food/carrot_cake"},
		{ "predicate": { "custom_model_data": 3005261}, "model": "minecraft:slimefun/18_exotic_garden/food/chickenburger"},
		{ "predicate": { "custom_model_data": 3005262}, "model": "minecraft:slimefun/18_exotic_garden/food/chicken_cheeseburger"},
		{ "predicate": { "custom_model_data": 3005263}, "model": "minecraft:slimefun/18_exotic_garden/food/bacon_burger"},
		{ "predicate": { "custom_model_data": 3005264}, "model": "minecraft:slimefun/18_exotic_garden/food/bacon_sandwich"},
		{ "predicate": { "custom_model_data": 3005265}, "model": "minecraft:slimefun/18_exotic_garden/food/taco"},
		{ "predicate": { "custom_model_data": 3005266}, "model": "minecraft:slimefun/18_exotic_garden/food/fish_taco"},
		{ "predicate": { "custom_model_data": 3005267}, "model": "minecraft:slimefun/18_exotic_garden/food/street_taco"},
		{ "predicate": { "custom_model_data": 3005268}, "model": "minecraft:slimefun/18_exotic_garden/food/jammy_dodger"},
		{ "predicate": { "custom_model_data": 3005269}, "model": "minecraft:slimefun/18_exotic_garden/food/pancakes"},
		{ "predicate": { "custom_model_data": 3005270}, "model": "minecraft:slimefun/18_exotic_garden/food/blueberry_pancakes"},
		{ "predicate": { "custom_model_data": 3005271}, "model": "minecraft:slimefun/18_exotic_garden/food/sweet_berry_pancakes"},
		{ "predicate": { "custom_model_data": 3005272}, "model": "minecraft:slimefun/18_exotic_garden/food/fries"},
		{ "predicate": { "custom_model_data": 3005273}, "model": "minecraft:slimefun/18_exotic_garden/food/popcorn"},
		{ "predicate": { "custom_model_data": 3005274}, "model": "minecraft:slimefun/18_exotic_garden/food/popcorn"},
		{ "predicate": { "custom_model_data": 3005275}, "model": "minecraft:slimefun/18_exotic_garden/food/popcorn"},		
		{ "predicate": { "custom_model_data": 3005276}, "model": "minecraft:slimefun/18_exotic_garden/food/shepards_pie"},
		{ "predicate": { "custom_model_data": 3005277}, "model": "minecraft:slimefun/18_exotic_garden/food/chicken_pot_pie"},
		{ "predicate": { "custom_model_data": 3005278}, "model": "minecraft:slimefun/18_exotic_garden/food/chocolate_cake"},
		{ "predicate": { "custom_model_data": 3005279}, "model": "minecraft:slimefun/18_exotic_garden/food/cream_cookie"},
		{ "predicate": { "custom_model_data": 3005280}, "model": "minecraft:slimefun/18_exotic_garden/food/blueberry_muffin"},
		{ "predicate": { "custom_model_data": 3005281}, "model": "minecraft:slimefun/18_exotic_garden/food/pumpkin_muffin"},
		{ "predicate": { "custom_model_data": 3005282}, "model": "minecraft:slimefun/18_exotic_garden/food/chocolate_chip_muffin"},
		{ "predicate": { "custom_model_data": 3005283}, "model": "minecraft:slimefun/18_exotic_garden/food/boston_cream_pie"},
		{ "predicate": { "custom_model_data": 3005284}, "model": "minecraft:slimefun/18_exotic_garden/food/hot_dog"},
		{ "predicate": { "custom_model_data": 3005285}, "model": "minecraft:slimefun/18_exotic_garden/food/bacon_hot_dog"},
		{ "predicate": { "custom_model_data": 3005286}, "model": "minecraft:slimefun/18_exotic_garden/food/bacon_bbq_hot_dog"},
		{ "predicate": { "custom_model_data": 3005287}, "model": "minecraft:slimefun/18_exotic_garden/food/tortilla_hot_dog"},
		{ "predicate": { "custom_model_data": 3005288}, "model": "minecraft:slimefun/18_exotic_garden/food/chocolate_strawberry"},
		{ "predicate": { "custom_model_data": 3005289}, "model": "minecraft:slimefun/18_exotic_garden/food/sweet_potato_pie"},
		{ "predicate": { "custom_model_data": 3005290}, "model": "minecraft:slimefun/18_exotic_garden/food/lamington"},
		{ "predicate": { "custom_model_data": 3005291}, "model": "minecraft:slimefun/18_exotic_garden/food/waffles"},
		{ "predicate": { "custom_model_data": 3005292}, "model": "minecraft:slimefun/18_exotic_garden/food/club_sandwich"},
		{ "predicate": { "custom_model_data": 3005293}, "model": "minecraft:slimefun/18_exotic_garden/food/burrito"},
		{ "predicate": { "custom_model_data": 3005294}, "model": "minecraft:slimefun/18_exotic_garden/food/chicken_burrito"},
		{ "predicate": { "custom_model_data": 3005295}, "model": "minecraft:slimefun/18_exotic_garden/food/grilled_sandwich"},
		{ "predicate": { "custom_model_data": 3005296}, "model": "minecraft:slimefun/18_exotic_garden/food/lasagna"},
		{ "predicate": { "custom_model_data": 3005297}, "model": "minecraft:slimefun/18_exotic_garden/food/ice_cream"},
		{ "predicate": { "custom_model_data": 3005298}, "model": "minecraft:slimefun/18_exotic_garden/food/tiramisu"},
		{ "predicate": { "custom_model_data": 3005299}, "model": "minecraft:slimefun/18_exotic_garden/food/tiramisu_strawberry"},
		{ "predicate": { "custom_model_data": 3005300}, "model": "minecraft:slimefun/18_exotic_garden/food/tiramisu_raspberry"},
		{ "predicate": { "custom_model_data": 3005301}, "model": "minecraft:slimefun/18_exotic_garden/food/tiramisu_blackberry"},
		{ "predicate": { "custom_model_data": 3005302}, "model": "minecraft:slimefun/18_exotic_garden/food/chocolate_pear_cake"},
		{ "predicate": { "custom_model_data": 3005303}, "model": "minecraft:slimefun/18_exotic_garden/food/apple_pear_cake"},
		{ "predicate": { "custom_model_data": 3005304}, "model": "minecraft:slimefun/18_exotic_garden/food/stuffed_red_bell_pepper"},

		{ "predicate": { "custom_model_data": 3005436}, "model": "minecraft:slimefun/18_exotic_garden/drinks/sweetened_tea"},
		{ "predicate": { "custom_model_data": 3005437}, "model": "minecraft:slimefun/18_exotic_garden/drinks/hot_chocolate"},
		{ "predicate": { "custom_model_data": 3005438}, "model": "minecraft:slimefun/18_exotic_garden/drinks/pinacolada"},

		{ "predicate": { "custom_model_data": 3005600}, "model": "minecraft:slimefun/26_electric_spawners/electric_spawner"},
		{ "predicate": { "custom_model_data": 3005601}, "model": "minecraft:slimefun/26_electric_spawners/electric_spawner"},
		{ "predicate": { "custom_model_data": 3005602}, "model": "minecraft:slimefun/26_electric_spawners/electric_spawner"},
		{ "predicate": { "custom_model_data": 3005603}, "model": "minecraft:slimefun/26_electric_spawners/electric_spawner"},
		{ "predicate": { "custom_model_data": 3005604}, "model": "minecraft:slimefun/26_electric_spawners/electric_spawner"},
		{ "predicate": { "custom_model_data": 3005605}, "model": "minecraft:slimefun/26_electric_spawners/electric_spawner"},
		{ "predicate": { "custom_model_data": 3005606}, "model": "minecraft:slimefun/26_electric_spawners/electric_spawner"},
		{ "predicate": { "custom_model_data": 3005607}, "model": "minecraft:slimefun/26_electric_spawners/electric_spawner"},
		{ "predicate": { "custom_model_data": 3005608}, "model": "minecraft:slimefun/26_electric_spawners/electric_spawner"},
		{ "predicate": { "custom_model_data": 3005609}, "model": "minecraft:slimefun/26_electric_spawners/electric_spawner"},
		{ "predicate": { "custom_model_data": 3005610}, "model": "minecraft:slimefun/26_electric_spawners/electric_spawner"},
		{ "predicate": { "custom_model_data": 3005611}, "model": "minecraft:slimefun/26_electric_spawners/electric_spawner"},
		{ "predicate": { "custom_model_data": 3005612}, "model": "minecraft:slimefun/26_electric_spawners/electric_spawner"},
		{ "predicate": { "custom_model_data": 3005613}, "model": "minecraft:slimefun/26_electric_spawners/electric_spawner"},
		{ "predicate": { "custom_model_data": 3005614}, "model": "minecraft:slimefun/26_electric_spawners/electric_spawner"},
		{ "predicate": { "custom_model_data": 3005615}, "model": "minecraft:slimefun/26_electric_spawners/electric_spawner"},
		{ "predicate": { "custom_model_data": 3005616}, "model": "minecraft:slimefun/26_electric_spawners/electric_spawner"},
		{ "predicate": { "custom_model_data": 3005617}, "model": "minecraft:slimefun/26_electric_spawners/electric_spawner"},
		{ "predicate": { "custom_model_data": 3005618}, "model": "minecraft:slimefun/26_electric_spawners/electric_spawner"},
		{ "predicate": { "custom_model_data": 3005619}, "model": "minecraft:slimefun/26_electric_spawners/electric_spawner"},
		{ "predicate": { "custom_model_data": 3005620}, "model": "minecraft:slimefun/26_electric_spawners/electric_spawner"},
		{ "predicate": { "custom_model_data": 3005621}, "model": "minecraft:slimefun/26_electric_spawners/electric_spawner"},
		{ "predicate": { "custom_model_data": 3005622}, "model": "minecraft:slimefun/26_electric_spawners/electric_spawner"},
		{ "predicate": { "custom_model_data": 3005623}, "model": "minecraft:slimefun/26_electric_spawners/electric_spawner"},
		{ "predicate": { "custom_model_data": 3005624}, "model": "minecraft:slimefun/26_electric_spawners/electric_spawner"},
		{ "predicate": { "custom_model_data": 3005625}, "model": "minecraft:slimefun/26_electric_spawners/electric_spawner"},
		{ "predicate": { "custom_model_data": 3005626}, "model": "minecraft:slimefun/26_electric_spawners/electric_spawner"},
				

		{ "predicate": { "custom_model_data": 3005700}, "model": "minecraft:slimefun/28_energy_and_electricity/energy_regulator"},
		{ "predicate": { "custom_model_data": 3005701}, "model": "minecraft:slimefun/28_energy_and_electricity/energy_connector"},
		{ "predicate": { "custom_model_data": 3005702}, "model": "minecraft:slimefun/28_energy_and_electricity/capacitor_small"},
		{ "predicate": { "custom_model_data": 3005703}, "model": "minecraft:slimefun/28_energy_and_electricity/capacitor_med"},
		{ "predicate": { "custom_model_data": 3005704}, "model": "minecraft:slimefun/28_energy_and_electricity/capacitor_big"},
		{ "predicate": { "custom_model_data": 3005705}, "model": "minecraft:slimefun/28_energy_and_electricity/capacitor_large"},
		{ "predicate": { "custom_model_data": 3005706}, "model": "minecraft:slimefun/28_energy_and_electricity/capacitor_carbonado_edged"},
		{ "predicate": { "custom_model_data": 3005707}, "model": "minecraft:slimefun/28_energy_and_electricity/capacitor_energized"},
		{ "predicate": { "custom_model_data": 3005734}, "model": "minecraft:slimefun/28_energy_and_electricity/coal_generator"},
		{ "predicate": { "custom_model_data": 3005735}, "model": "minecraft:slimefun/28_energy_and_electricity/coal_generator_2"},
		{ "predicate": { "custom_model_data": 3005739}, "model": "minecraft:slimefun/28_energy_and_electricity/electric_press"},
		{ "predicate": { "custom_model_data": 3005740}, "model": "minecraft:slimefun/28_energy_and_electricity/electric_press_2"},
		{ "predicate": { "custom_model_data": 3005741}, "model": "minecraft:slimefun/28_energy_and_electricity/magnesium_generator"},
		{ "predicate": { "custom_model_data": 3005750}, "model": "minecraft:slimefun/28_energy_and_electricity/lava_generator"},
		{ "predicate": { "custom_model_data": 3005751}, "model": "minecraft:slimefun/28_energy_and_electricity/lava_generator_2"},
		{ "predicate": { "custom_model_data": 3005752}, "model": "minecraft:slimefun/28_energy_and_electricity/combustion_reactor"},
		{ "predicate": { "custom_model_data": 3005758}, "model": "minecraft:slimefun/28_energy_and_electricity/exp_collector"},
		{ "predicate": { "custom_model_data": 3005766}, "model": "minecraft:slimefun/28_energy_and_electricity/nuclear_reactor"},
		{ "predicate": { "custom_model_data": 3005767}, "model": "minecraft:slimefun/28_energy_and_electricity/nether_star_reactor"},

		{ "predicate": { "custom_model_data": 3005800}, "model": "minecraft:slimefun/30_gps_based_machines/gps_transmitter"},
		{ "predicate": { "custom_model_data": 3005801}, "model": "minecraft:slimefun/30_gps_based_machines/gps_transmitter_advanced"},
		{ "predicate": { "custom_model_data": 3005802}, "model": "minecraft:slimefun/30_gps_based_machines/gps_transmitter_carbonado"},
		{ "predicate": { "custom_model_data": 3005803}, "model": "minecraft:slimefun/30_gps_based_machines/gps_transmitter_energized"},
		{ "predicate": { "custom_model_data": 3005804}, "model": "minecraft:slimefun/30_gps_based_machines/gps_control_panel"},
		{ "predicate": { "custom_model_data": 3005806}, "model": "minecraft:slimefun/30_gps_based_machines/gps_emergency_transmitter"},
		{ "predicate": { "custom_model_data": 3005807}, "model": "minecraft:slimefun/30_gps_based_machines/gps_geo_scanner"},
		{ "predicate": { "custom_model_data": 3005809}, "model": "minecraft:slimefun/30_gps_based_machines/oil_pump"},
		{ "predicate": { "custom_model_data": 3005810}, "model": "minecraft:slimefun/30_gps_based_machines/geo_miner"},

		{ "predicate": { "custom_model_data": 3006212}, "model": "minecraft:slimefun/christmas/christmas_present"},

		{ "predicate": { "custom_model_data": 3006352}, "model": "minecraft:slimefun/easter/easter_egg"}
	]
}