{
	"parent": "minecraft:item/generated",
	"author": "Racingsky",
	"textures": {
        	"layer0": "item/potion_overlay",
        	"layer1": "item/potion"
	},
	
	"overrides": [
		{ "predicate": { "custom_model_data": 3000206}, "model": "minecraft:slimefun/2_useful_items/medicine"},

		{ "predicate": { "custom_model_data": 3000718}, "model": "minecraft:slimefun/7_food/glow_berry_juice"},
		{ "predicate": { "custom_model_data": 3000711}, "model": "minecraft:slimefun/7_food/apple_juice"},
		{ "predicate": { "custom_model_data": 3000712}, "model": "minecraft:slimefun/7_food/carrot_juice"},
		{ "predicate": { "custom_model_data": 3000713}, "model": "minecraft:slimefun/7_food/melon_juice"},
		{ "predicate": { "custom_model_data": 3000714}, "model": "minecraft:slimefun/7_food/pumpkin_juice"},
		{ "predicate": { "custom_model_data": 3000715}, "model": "minecraft:slimefun/7_food/sweet_berry_juice"},
		{ "predicate": { "custom_model_data": 3000716}, "model": "minecraft:slimefun/7_food/golden_apple_juice"},

		{ "predicate": { "custom_model_data": 3005400}, "model": "minecraft:slimefun/18_exotic_garden/drinks/grape_juice"},
		{ "predicate": { "custom_model_data": 3005401}, "model": "minecraft:slimefun/18_exotic_garden/drinks/grape_smoothie"},
		{ "predicate": { "custom_model_data": 3005402}, "model": "minecraft:slimefun/18_exotic_garden/drinks/blueberry_juice"},
		{ "predicate": { "custom_model_data": 3005403}, "model": "minecraft:slimefun/18_exotic_garden/drinks/blueberry_smoothie"},
		{ "predicate": { "custom_model_data": 3005404}, "model": "minecraft:slimefun/18_exotic_garden/drinks/elderberry_juice"},
		{ "predicate": { "custom_model_data": 3005405}, "model": "minecraft:slimefun/18_exotic_garden/drinks/elderberry_smoothie"},
		{ "predicate": { "custom_model_data": 3005406}, "model": "minecraft:slimefun/18_exotic_garden/drinks/raspberry_juice"},
		{ "predicate": { "custom_model_data": 3005407}, "model": "minecraft:slimefun/18_exotic_garden/drinks/raspberry_smoothie"},
		{ "predicate": { "custom_model_data": 3005408}, "model": "minecraft:slimefun/18_exotic_garden/drinks/blackberry_juice"},
		{ "predicate": { "custom_model_data": 3005409}, "model": "minecraft:slimefun/18_exotic_garden/drinks/blackberry_smoothie"},
		{ "predicate": { "custom_model_data": 3005410}, "model": "minecraft:slimefun/18_exotic_garden/drinks/cranberry_juice"},
		{ "predicate": { "custom_model_data": 3005411}, "model": "minecraft:slimefun/18_exotic_garden/drinks/cranberry_smoothie"},
		{ "predicate": { "custom_model_data": 3005412}, "model": "minecraft:slimefun/18_exotic_garden/drinks/cowberry_juice"},
		{ "predicate": { "custom_model_data": 3005413}, "model": "minecraft:slimefun/18_exotic_garden/drinks/cowberry_smoothie"},
		{ "predicate": { "custom_model_data": 3005414}, "model": "minecraft:slimefun/18_exotic_garden/drinks/strawberry_juice"},
		{ "predicate": { "custom_model_data": 3005415}, "model": "minecraft:slimefun/18_exotic_garden/drinks/strawberry_smoothie"},
		{ "predicate": { "custom_model_data": 3005416}, "model": "minecraft:slimefun/18_exotic_garden/drinks/oak_apple_juice"},
		{ "predicate": { "custom_model_data": 3005417}, "model": "minecraft:slimefun/18_exotic_garden/drinks/coconut_milk"},
		{ "predicate": { "custom_model_data": 3005418}, "model": "minecraft:slimefun/18_exotic_garden/drinks/cherry_juice"},
		{ "predicate": { "custom_model_data": 3005419}, "model": "minecraft:slimefun/18_exotic_garden/drinks/pomegranate_juice"},
		{ "predicate": { "custom_model_data": 3005420}, "model": "minecraft:slimefun/18_exotic_garden/drinks/lemon_juice"},
		{ "predicate": { "custom_model_data": 3005421}, "model": "minecraft:slimefun/18_exotic_garden/drinks/plum_juice"},
		{ "predicate": { "custom_model_data": 3005422}, "model": "minecraft:slimefun/18_exotic_garden/drinks/lime_juice"},
		{ "predicate": { "custom_model_data": 3005423}, "model": "minecraft:slimefun/18_exotic_garden/drinks/orange_juice"},
		{ "predicate": { "custom_model_data": 3005424}, "model": "minecraft:slimefun/18_exotic_garden/drinks/peach_juice"},
		{ "predicate": { "custom_model_data": 3005425}, "model": "minecraft:slimefun/18_exotic_garden/drinks/pear_juice"},
		{ "predicate": { "custom_model_data": 3005426}, "model": "minecraft:slimefun/18_exotic_garden/drinks/dragon_fruit_juice"},
		{ "predicate": { "custom_model_data": 3005427}, "model": "minecraft:slimefun/18_exotic_garden/drinks/lime_smoothie"},
		{ "predicate": { "custom_model_data": 3005428}, "model": "minecraft:slimefun/18_exotic_garden/drinks/tomato_juice"},
		{ "predicate": { "custom_model_data": 3005429}, "model": "minecraft:slimefun/18_exotic_garden/drinks/wine"},
		{ "predicate": { "custom_model_data": 3005430}, "model": "minecraft:slimefun/18_exotic_garden/drinks/lemon_iced_tea"},
		{ "predicate": { "custom_model_data": 3005431}, "model": "minecraft:slimefun/18_exotic_garden/drinks/raspberry_iced_tea"},
		{ "predicate": { "custom_model_data": 3005432}, "model": "minecraft:slimefun/18_exotic_garden/drinks/peach_iced_tea"},
		{ "predicate": { "custom_model_data": 3005433}, "model": "minecraft:slimefun/18_exotic_garden/drinks/strawberry_iced_tea"},
		{ "predicate": { "custom_model_data": 3005434}, "model": "minecraft:slimefun/18_exotic_garden/drinks/cherry_iced_tea"},
		{ "predicate": { "custom_model_data": 3005435}, "model": "minecraft:slimefun/18_exotic_garden/drinks/thai_tea"},
		{ "predicate": { "custom_model_data": 3005439}, "model": "minecraft:slimefun/18_exotic_garden/drinks/lemonade"},
		{ "predicate": { "custom_model_data": 3005440}, "model": "minecraft:slimefun/18_exotic_garden/drinks/pineapple_juice"},
		{ "predicate": { "custom_model_data": 3005441}, "model": "minecraft:slimefun/18_exotic_garden/drinks/pineapple_smoothie"},

		{ "predicate": { "custom_model_data": 3006200}, "model": "minecraft:slimefun/christmas/christmas_milk"},
		{ "predicate": { "custom_model_data": 3006201}, "model": "minecraft:slimefun/christmas/christmas_chocolate_milk"},
		{ "predicate": { "custom_model_data": 3006202}, "model": "minecraft:slimefun/christmas/christmas_egg_nog"},
		{ "predicate": { "custom_model_data": 3006203}, "model": "minecraft:slimefun/christmas/christmas_apple_cider"},
		{ "predicate": { "custom_model_data": 3006207}, "model": "minecraft:slimefun/christmas/christmas_hot_chocolate"}
	]
}