{
	"parent": "minecraft:item/generated",
	"author": "Racingsky",
	"textures": {
		"layer0": "item/pumpkin_pie"
	},
	
	"overrides": [
		{ "predicate": { "custom_model_data": 3006205}, "model": "minecraft:slimefun/christmas/christmas_fruit_cake"},
		{ "predicate": { "custom_model_data": 3006206}, "model": "minecraft:slimefun/christmas/christmas_apple_pie"},
		{ "predicate": { "custom_model_data": 3006208}, "model": "minecraft:slimefun/christmas/christmas_cake"},

		{ "predicate": { "custom_model_data": 3006350}, "model": "minecraft:slimefun/easter/carrot_pie"},
		{ "predicate": { "custom_model_data": 3006351}, "model": "minecraft:slimefun/easter/easter_apple_pie"}
	]
}