{
	"parent": "minecraft:block/red_terracotta",
	"author": "Racingsky",
	
	"overrides": [
		{ "predicate": { "custom_model_data": 3005722}, "model": "minecraft:slimefun/28_energy_and_electricity/electric_ingot_factory"},
		{ "predicate": { "custom_model_data": 3005723}, "model": "minecraft:slimefun/28_energy_and_electricity/electric_ingot_factory_2"},
		{ "predicate": { "custom_model_data": 3005724}, "model": "minecraft:slimefun/28_energy_and_electricity/electric_ingot_factory_3"},
		{ "predicate": { "custom_model_data": 3005725}, "model": "minecraft:slimefun/28_energy_and_electricity/electric_crucible"},
		{ "predicate": { "custom_model_data": 3005726}, "model": "minecraft:slimefun/28_energy_and_electricity/electric_crucible_2"},
		{ "predicate": { "custom_model_data": 3005727}, "model": "minecraft:slimefun/28_energy_and_electricity/electric_crucible_3"}
	]
}