{
	"parent": "minecraft:block/terracotta",
	"author": "Racingsky",
	
	"overrides": [
		{ "predicate": { "custom_model_data": 3002303}, "model": "minecraft:slimefun/24_galactifun/blocks/mars_rock"},

		{ "predicate": { "custom_model_data": 3006508}, "model": "minecraft:slimefun/23_slime_tinker/materials/copper_block_slimefun"},
		{ "predicate": { "custom_model_data": 3006528}, "model": "minecraft:slimefun/23_slime_tinker/materials/bronze_block"},
		{ "predicate": { "custom_model_data": 3006530}, "model": "minecraft:slimefun/23_slime_tinker/materials/aluminum_bronze_block"},
		{ "predicate": { "custom_model_data": 3006534}, "model": "minecraft:slimefun/23_slime_tinker/materials/corinthian_bronze_block"},
		{ "predicate": { "custom_model_data": 3006552}, "model": "minecraft:slimefun/23_slime_tinker/materials/redstone_alloy_block"},
		{ "predicate": { "custom_model_data": 3006555}, "model": "minecraft:slimefun/23_slime_tinker/materials/boomerite_block"},
		{ "predicate": { "custom_model_data": 3006588}, "model": "minecraft:slimefun/23_slime_tinker/materials/magsteel_block"},
		{ "predicate": { "custom_model_data": 3006594}, "model": "minecraft:slimefun/23_slime_tinker/materials/adamantite_block"}
	]
}